Título,Engenharia
PROPOSTA DE IMPLEMENTAÇÃO DE SISTEMAS DE ENERGIA SOLAR EM ESTACIONAMENTOS (SMARTPARK) DATA DA DEFESA:16 DE ABRIL DE 2015,1
ESTUDO DAS APLICAÇÕES DO ALUMÍNIO E SUAS LIGAS NA INDÚSTRIA AUTOMOTIVA,1
UMA ABORDAGEM DA GESTÃO E GERENCIAMENTO DOS RESÍDUOS DA CONSTRUÇÃO CIVIL: UM APONTAMENTO DA DESTINAÇÃO DOS RCC_x0092_S NO MARANHÃO,1
PROPOSTA DE IMPLEMENTAÇÃO DE ARQUITETURA BIPV (BUILDING-INTEGRATED PHOTOVOLTAICS) NAS INSTALAÇÕES CAMPUS DA UFMA,1
UM ESTUDO EXPLORATÓRIO SOBRE O ACESSO A INFORMÁTICA NAS ESCOLAS PÚBLICAS DE ENSINO FUNDAMENTAL E MÉDIO PRÓXIMAS À UNIVERSIDADE FEDERAL DO MARANHÃO,0
A LINGUAGEM DA INFORMÁTICA NO DISCURSO JORNALÍSTICO,1
ESTUDO DA MODELAGEM E ANÁLISE NUMÉRICA COMPUTACIONAL DE COMPONENTES MECÂNICOS ESTRUTURAIS: UMA ABORDAGEM AO MÉTODO DOS ELEMENTOS FINITOS APLICADO NA ESTRUTURA DE FIXAÇÃO DO ÂNODO USADO NO PROCESSO DE HALL-HÉROULT.,3
CONTROLE DA PROPAGAÇÃO DE ONDAS SONORAS,3
"DIAGNÓSTICO PRELIMINAR DA SAÚDE PÚBLICA EM SÃO LUIS, MA, BR.",5
GESTÃO DE RESÍDUOS DA CONSTRUÇÃO CIVIL NO MUNICÍPIO DE SÃO LUIS,3
ESTUDO DA MODELAGEM E ANÁLISE NUMÉRICA COMPUTACIONAL DE COMPONENTES MECÂNICOS ESTRUTURAIS: ABORDAGEM INICIAL SOBRE ANÁLISE DE FALHAS E MECÂNICA DA FRATURA.,1
URBANISMO EM MINECRAFT: CONSTRUÇÃO REAL DE MUNDOS POSSÍVEIS,1
ESTUDO E SELEÇÃO DOS MATERIAIS APLICADOS AO GERADOR DO TIPO BULBO DE UMA USINA MARÉMOTRIZ,3
PROPOSTA DE IMPLEMENTAÇÃO DE SISTEMA DE ENERGIA SOLAR EM ESTACIONAMENTOS (SMARTPARK): MEMORIAL DESCRITIVO,1
PRINCÍPIOS FÍSICOS DO DIODO DE SPIN,1
AVALIAÇÃO DAS FASES CRISTALINA USANDO LAMA VERMELHA NA COMPOSIÇÃO DE CONCRETO.,1
AVALIAR O CONCRETO UTILIZANDO A LAMA VERMELHA COMO AGREGADO MIUDO COM DOIS TIPOS DE CIMENTOS.,1
USO DE PARÂMETROS GEOTÉCNICOS COMO INDICADORES DA ERODIBILIDADE DE SOLOS: ESTUDO DE CASA DE UMA VOÇOROCA EM SÃO LUÍS - MA,1
"ESTUDO DO SISTEMA DE DISTRIBUIÇÃO DE ÁGUA DA CIDADE DE SÃO LUÍS: FONTES E SISTEMAS DE DISTRIBUIÇÃO, IMPLANTAÇÃO DE UM SISTEMA DE APROVEITAMENTO DE ÁGUA PLUVIAL.",0
AVALIAR O CONCRETO UTILIZANDO A LAMA VERMELHA COMO AGREGADO MIUDO COM DOIS TIPOS DE CIMENTOS.,1
ESTUDO DOS MATERIAIS EMPREGADOS COMO REFORÇO EM COMPÓSITOS DE MATRIZ CIMENTÍCIA,1
"ANÁLISE PRELIMINAR DOS SISTEMAS DE ABASTECIMENTO DE ÁGUA E ESGOTAMENTO SANITÁRIO EM SÃO LUÍS DO MARANHÃO, BRASIL: UM ENFOQUE AMBIENTAL.",0
CONCRETO ARMADO: OS PROBLEMAS DA CORROSÃO NA ARMADURA DO AÇO,1
TRABALHO: ANÁLISE DA EFICIÊNCIA DOS INIBIDORES DE CORROSÃO FRENTE À CORROSÃO DO AÇO CA-50 INDUZIDA PELA AÇÃO DOS ÍONS CLORETOS,1
ESTUDO TEÓRICO SOBRE A FORMULAÇÃO DE UM ELEMENTO TIPO BARRA,3
GESTÃO DE RESÍDUOS SÓLIDOS DA CONSTRUÇÃO CIVIL: UMA ANÁLISE DOS ECOPONTOS DO MUNICÍPIO DE SÃO LUIS-MA,1
UMA ABORDAGEM DA GESTÃO E GERENCIAMENTO DOS RESÍDUOS DA CONSTRUÇÃO CIVIL: APLICAÇÃO DA PRODUÇÃO MAIS LIMPA COMO MEDIDA DE OTIMIZAÇÃO DA GERAÇÃO DE RESÍDUOS.,1
QUALIDADE NA CONSTRUÇÃO CIVIL: UMA ABORDAGEM SOBRE A REUTILIZAÇÃO DOS RESÍDUOS SÓLIDOS.,1
MEDIDORES DE VAZÃO POR OBSTRUÇÃO DE ÁREA: UMA ABORDAGEM TEÓRICA,1
PROPOSTA DE IMPLEMENTAÇÃO DE ARQUITETURA BIPV (BUILDING-INTEGRATED PHOTOVOLTAIC) NAS INSTALAÇÕES DO CAMPUS DA UFMA: MEMORIAL DESCRITIVO,1
CONCRETO ARMADO: OS PROBLEMAS DA CORROSÃO NA ARMADURA DE AÇO,1
ANÁLISE DA EFICIÊNCIA DOS INIBIDORES DE CORROSÃO FRENTE À CORROSÃO DO AÇO CA-50 INDUZIDA PELA AÇÃO DOS ÍONS CLORETOS,1
AVALIAÇÃO DE UMA MASSA ARGILOSA DA REGIAO DE SÃO LUIS COM ADIÇÃO DA LAMA VERMELHA.,1
POSSIBILIDADES METODOLÓGICAS PARA ANALISAR A GESTÃO DOS RESÍDUOS DA CONSTRUÇÃO CIVIL NO MUNICÍPIO DE SÃO LUIS - MA,1
UTILIZAÇÃO DO RESÍDUO MISTO COMO COMPOSTO INTEGRANTE DE CONCRETOS E ARGAMASSAS: UMA REVISÃO DA LITERATURA,1
INVESTIGAÇÃO DAS PROPRIEDADES FOTOCATALÍTICAS DE TUNGSTATO DE BISMUTO OBTIDOS POR INTERMÉDIO DE SURFACTANTES,1
FORMALISMO LAGRANGIANO PARA A MECÂNICA CLÁSSICA,1
"SÍNTESE, CARACTERIZAÇÃO E INVESTIGAÇÃO DAS PROPRIEDADES FOTOCATALÍTICAS DE NANOPARTICULAS DE TUNGSTATO DE BISMUTO OBTIDAS POR INTERMÉDIO DE TEMPLATES",5
ESTUDO E PROJETO PRELIMINAR DE UMA TURBINA DO TIPO BULBO PARA UMA USINA MARÉMOTRIZ,3
O USO DOS VOCÁBULOS DA INFORMÁTICA EM _x0093_O ESTADO DO MARANHÃO_x0094_ E NA _x0093_FOLHA DE S.PAULO_x0094_,1
ESTUDO COMPARATIVO SOBRE O USO DE LUMINÁRIAS NO LABORATÓRIO DE AUTOMAÇÃO E ELETRICIDADE,1
"ESTUDO DO SISTEMA DE ABASTECIMENTO DE ÁGUA DA CIDADE DE SÃO LUÍS: FONTES E SISTEMAS DE DISTRIBUIÇÃO, IMPLANTAÇÃO DE UM SISTEMA DE APROVEITAMENTO DE ÁGUA PLUVIAL",5
RESÍDUOS SÓLIDOS DA CONSTRUÇÃO CIVIL: REUTILIZAÇÃO DOS SACOS DE CIMENTO,1
QUALIDADE NA CONSTRUÇÃO CIVIL: UMA ABORDAGEM SOBRE A REUTILIZAÇÃO DOS RESÍDUOS SÓLIDOS.,1
ESTUDO DE ACESSIBILIDADE NO COMPLEXO PEDAGOGICO PAULO FREIRE E RESTAURANTE UNIVERSITÁRIO.,1
ESTUDO SOBRE REABILITAÇÃO DE ESTRUTURAS DE CONCRETO ARMADO SOB INFLUÊNCIA DE AMBIENTE MARINHO,1
PROPRIEDADES QUÍMICAS DAS CÉLULAS FOTOVOLTAICAS NA CONSTRUÇÃO CIVIL,1
UMA PROPOSTA PARA A PRODUÇÃO DE BLOCOS DE CONCRETO PRE-MOLDADOS SEM FINS ESTRUTURAIS A PARTIR DE AGREGADOS RECICLADOS,1
A UTILIZAÇÃO DOS RESÍDUOS SOLIDOS DA CONSTRUÇÃO CIVIL: UM FOCO NA REDUÇÃO DOS CUSTOS E NA QUALIDADE DOS PRODUTOS,1
CONSTRUÇÃO SUSTENTAVEL DE HABITAÇÕES A BAIXO CUSTO,1
MOBILIDADE URBANA SUSTENTÁVEL: UMA ANÁLISE DA CONFIGURAÇÃO DO SISTEMA DE TRANSPORTE COLETIVO DE SÃO LUIS-MA APÓS A INTEGRAÇÃO TARIFÁRIA.,5
"ABASTECIMENTO DE ÁGUA NO BAIRRO SÁ VIANA, SÃO LUÍS, MA, BRASIL - UM DIAGNÓSTICO PARTICIPATIVO.",5
REDUÇÃO DA ALCALINIDADE DO RESÍDUO DA BAUXITA,1
REDUÇÃO DA ALCALINIDADE DO RESÍDUO DE BAUXITA,1
ISOLAMENTO EM EDIFICAÇÕES À BASE DE NANOMATERIAIS,0
"DIAGNÓSTICO DO USO, POTENCIAL E VIABILIDADE DA PRODUÇÃO DE ENERGIA SOLAR, EÓLICA E DE BIOMASSA NO ESTADO DO MARANHÃO",3
A RELEVÂNCIA DOS ELEMENTOS NARRATIVOS EM RESENHAS DE GAMES: O CASO DE THE LAST OF US,2
CONCRETO REFORÇADO COM FIBRAS DE COCO BABAÇU: APLICAÇÃO E RESISTENCIA DO MATERIAL.,1
PROPOSTA DE GERAÇÃO DE ENERGIA ELÉTRICA ATRAVÉS DE MICROGERADORES EÓLICOS PARA ATENDIMENTO RESIDENCIAL NO LITORAL MARANHENSE,1
ESTUDO BIBLIOGRÁFICO DA VIABILIDADE DE UMA USINA DE MAREMOTRIZ NA BARRAGEM DO BACANGA (SAO LUÍS - MA),1
ESTUDO BIBLIOGRÁFICO DA VIABILIDADE DE UMA USINA DE MAREMOTRIZ NA BARRAGEM DO BACANGA (SÃO LUÍS-MA).,0
ESTUDO DA FUNÇÃO THETA DE RAMANUJAN E THETA DE RAMANUJAN TRUNCADA,0
MAPEAMENTO DA OFERTA COMERCIAL DE ADITIVOS PARA USO EM CONCRETOS E ARGAMASSAS PRODUZIDOS NOS CANTEIROS DE OBRAS DA CIDADE DE SÃO LUÍS/MA: UM ESTUDO DE CASO,2
CARACTERIZAÇÃO MECÂNICA DE COMPÓSITO CIMENTÍCIO REFORÇADO COM FIBRAS CURTAS DE POLIACRILONITRILA (PAN) PLASTIFICADA COM GLICEROL,1
ANÁLISE DINÂMICA DE COMPÓSITO CIMENTÍCIO REFORÇADO COM FIBRAS DE POLIACRILONITRILA (PAN) PLASTIFICADA COM GLICEROL,1
ESTUDO DA INFLUÊNCIA DA GEOMETRIA DOS BLOCOS ESTRUTURAIS NO COMPORTAMENTO MECÂNICO DA ALVENARIA,1
ORGANIZAÇÃO DOS CONTEIROS DE OBRAS COM FOCO NA MELHORIA DA QUALIDADE E PRODUTIVIDADE NA CONSTRUÇÃO CIVIL,1
REQUALIFICAÇÃO DE ESPAÇOS URBANOS POR SIMULAÇÃO EM MINECRAFT: UMA ÁREA DE VIVÊNCIA NA UFMA,1
O USO DE NANOMATERIAIS EM CONCRETO NA CONSTRUÇÃO CIVIL,2
A UTILIZAÇÃO DE NANOTUBOS DE CARBONO NO MELHORAMENTO DA RESISTÊNCIA DO CONCRETO,2
CONSTRUÇÃO HABITACIONAL SUSTENTÁVEL: COBERTURA VERDE,2
REDUÇÃO DA ALCALINIDADE DO RESÍDUO DA BAUXITA,1
REDUÇÃO DA ALCALINIDADE DO RESÍDUO DE BAUXITA,1
REABILITAÇÃO EM ESTRUTURAS DE CONCRETO ARMADO SOB INFLUÊNCIA DE AMBIENTE MARINHO. ESTUDO DE CASO EM UM CONDOMÍNIO RESIDENCIAL EM SÃO LUÍS-MA,1
ANALISE DA RESISTENCIA DO CONCRETO COM UTILIZAÇÃO DA AREIA DAS PRAIS DE SÃO LUIS.,1
ESTUDO DOS MECANISMOS DE RESISTÊNCIA AO CISALHAMENTO EM VIGAS DE CONCRETO ARMADO SEM ARMADURA TRANSVERSAL,1
ORGANIZAÇÃO DOS CANTEIROS DE OBRAS COM FOCO NA MELHORIA DA QUALIDADE E PRODUTIVIDADE NA CONSTRUÇÃO CIVIL,1
AVALIAÇÃO DE RECOBRIMENTOS CERÂMICOS FORMADOS EM SUPERFÍCIE DE LIGAS DE ALUMÍNIO ATRAVÉS DE ELETRODEPOSIÇÃO A PLASMA.,1
RESÍDUOS SÓLIDOS DA CONSTRUÇÃO CIVIL: REUTILIZAÇÃO NA PAVIMENTAÇÃO,5
ANÁLISE MICROESTRUTURAL DO FERRO FUNDIDO CINZENTO PARA FIXAÇÃO DOS ANODOS EMPREGADOS EM CUBA ELETROLÍTICA HALL HÉROULT,1
AVALIAÇÃO DA QUALIDADE DOS TIJOLOS CERAMICOS QUANTA A NORMA.,1
UM ESTUDO SOBRE FERRAMENTAS DE MODELAGEM NO PROJETO DE SISTEMAS EMBARCADOS.,2
ESTUDO DE CODIFICAÇÃO E PROCESSAMENTO DE IMAGENS PARA RECONHECIMENTO BIOMÉTRICO,1
NANOMATERIAIS NA CONSTRUÇÃO CIVIL: APLICAÇÃO EM REVESTIMENTOS E PINTURAS,1
AVALIAÇÃO DA QUALIDADE DOS TIJOLOS CERAMICOS QUANTO A NORMA,1
PATOLOGIAS EM FACHADA DE EDIFICAÇÕES: UM ESTUDO DE CASO,0
"A INFLUENCIA DOS MATERIAIS DE CONSTRUÇÃO, DA ARQUITETURA E DO MEIO NO DESEMPENHO TÉRMICO DAS EDIFICAÇÕES.",1
"DIAGNÓSTICO DO USO, POTENCIAL E VIABILIDADE DA PRODUÇÃO DE ENERGIA SOLAR, EÓLICA E DE BIOMASSA NO ESTADO DO MARANHÃO",1
ATUAÇÃO DA RELAÇÃO AGUA/CIMENTO NAS PROPRIEDADES DO CONCRETO.,1
ESTUDO DO COMPORTAMENTO DAS TENSÕES EM ESTRUTURAS COM FUROS,5
A UTILIZAÇÃO DE CONTÊINER COMO ALTERNATIVA SUSTENTÁVEL PARA A CONSTRUÇÃO CIVIL NO MUNICÍPIO DE SÃO LUIS/MA.,1
CONSTRUÇÃO SUSTENTAVEL DE HABITAÇÕES A BAIXO CUSTO,1
UMA ANÁLISE ELEMENTAR DO MODELO MATEMÁTICO DE DIFUSÃO DO CLORETO NO CONCRETO,1
ESTUDO DE VIABILIDADE DE APLICAÇÃO DE UMA ARQUITETURA DE INTEGRAÇÃO DE PLATAFORMAS NA IMPLEMENTAÇÃO DE SOFTWARE EMBARCADO PARA ANDROID.,2
APLICAÇÃO DA ARQUITETURA SOA PARA A INTEGRAÇÃO DE SISTEMAS EMBARCADOS DE BAIXO CUSTO.,2
APLICAÇÃO DA ARQUITETURA SOA PARA A INTEGRAÇÃO DE SISTEMAS EMBARCADOS DE BAIXO CUSTO,2
ESTUDO DA VIABILIDADE DE IMPLANTAÇÃO DA ARQUITETURA SOA EM UM SISTEMA DE BAIXO CUSTO PARA INTERNET DAS COISAS,2
ESTUDO SOBRE A VIABILIDADE DO USO DE RESÍDUOS SOLIDOS PARA GERAÇÃO DE ENERGIA DE BIOGÁS NO CAMPUS BACANGA DA UFMA,3
CONCRETO REFORÇADO COM FIBRAS DE COCO BABAÇU: APLICAÇÃO E RESISTENCIA DO MATERIAL.,5
VIABILIDADE DO APROVEITAMENTO DA ENERGIA SOLAR A PARTIR DE PLACAS FOTOVOLTAICAS NA CIDADE DE SÃO LUÍS- MA,1
MAPEAMENTO DA OFERTA COMERCIAL DE MATERIAIS IMPERMEABILIZANTES PARA ARGAMASSA E CONCRETO USADO PELA CONSTRUÇÃO CIVIL NA CIDADE DE SÃO LUÍS/MA: UM ESTUDO DE CASO,1
ANALOGIA ENTRE O OSCILADOR HARMÔNICO E O CIRCUITO LC NOS CONTEXTOS CLÁSSICO E QUÂNTICO,0
FARDAS FÁCIL: UMA PROPOSTA DE APOIO COMERCIAL,0
GESTÃO DE RESÍDUOS DA CONSTRUÇÃO CIVIL: UM ESTUDO DE CASO,1
UM ESTUDO SOBRE MINERAÇÃO DE OPINIÃO: CONCEITOS E ABORDAGENS,2
APLICAÇÃO DE SOLOS TROPICAIS EM PAVIMENTOS FLEXÍVEIS,1
"DIAGNÓSTICO PARTICIPATIVO SOBRE RESÍDUOS SÓLIDOS URBANOS NO BAIRRO SÁ VIANA, SÃO LUÍS, MA, BRASIL",5
ORGANIZAÇÃO DOS CONTEIROS DE OBRAS COM FOCO NA MELHORIA DA QUALIDADE E PRODUTIVIDADE NA CONSTRUÇÃO CIVIL,1
ESTUDO DA REDUÇÃO DA ALCALINIDADE DO RESÍDUO DA BAUXITA,1
CONCRETO REFORÇADO COM FIBRAS DE COCO BABAÇU: APLICAÇÃO E RESISTENCIA DO MATERIAL.,1
ESTUDO DA CONTRIBUIÇÃO DA ALVENARIA NO SISTEMA DE CONTRAVENTAMENTO DE EDIFÍCIOS,1
INFLUÊNCIA DO FATOR ÁGUA/CIMENTO NA RESISTÊNCIA DO CONCRETO UTILIZANDO CIMENTO PORTLAND CP IV-32 RS,1
LEVANTAMENTO DOS ELEMENTOS QUÍMICOS UTILIZADOS NA CONSTRUÇÃO CIVIL: EMPREGO DOS METAIS ALCALINOS E ALCALINOS TERROSOS NOS MATERIAIS DE CONSTRUÇÃO,1
INTERFACE GRÁFICA DO USUÁRIO NO MATLAB PARA VISUALIZAÇÃO DE PROBLEMAS DE ENGENHARIA,0
INTERFACE GRÁFICA DO USUÁRIO NO MATLAB PARA VISUALIZAÇÃO DE PROBLEMAS DE ENGENHARIA,0
MAPEAMENTO E ANÁLISE DA OFERTA COMERCIAL DE MATERIAIS DE PINTURA PARA FACHADAS DE EDIFICAÇÕES EXECUTADAS NA CIDADE DE SÃO LUÍS/MA: UM ESTUDO DE CASO,1
UTILIZAÇÃO DO DRYWALL COMO VEDAÇÃO VERTICAL INTERNA,1
CONCRETO PRE-MOLDADO: UMA FERRAMENTA DE DINAMIZAÇÃO NOS PROCESSOS NA CONSTRUÇÃO CÍVIL,1
"O CONCRETO PRE-MOLDADO; UMA FERAMENTA DE DINAMIZAÇÃO DOS PROCESSOS NA CONSTRUÇÃO CIVIL: UM ESTUDO DE CASO NA PREDMIX, EM SÃO LUIS-MA",1
"O CONCRETO PRE-MOLDADO; UMA FERAMENTA DE DINAMIZAÇÃO DOS PROCESSOS NA CONSTRUÇÃO CIVIL: UM ESTUDO DE CASO NA PREDMIX, EM SÃO LUIS-MA",1
CONCRETO PRE-MOLDADO: UMA FERRAMENTA DE DINAMIZAÇÃO NOS PROCESSOS NA CONSTRUÇÃO CÍVIL,1
"DIAGNÓSTICO DO USO, POTENCIAL E VIABILIDADE DA PRODUÇÃO DE ENERGIA SOLAR, EÓLICA E DE BIOMASSA NO ESTADO DO MARANHÃO",2
"ESTUDO DE MÉTODOS PARA MANUTENÇÃO DAS MEMBRANAS DOS SISTEMAS DE OSMOSE REVERSA DO HOSPITAL CARLOS MACIEIRA NO MUNICÍPIO DE SÃO LUÍS, MARANHÃO",1
ANALISE DA RESISTENCIA DO CONCRETO COM UTILIZAÇÃO DE AREIA DO MAR DAS PRAIAS DE SÃO LUIS.,1
ESTUDO DE EFICIÊNCIA E POTENCIAL DE TURBINAS EÓLICAS COM BASE EM PARÂMETROS METEREOLÓGICOS PARA A CIDADE DE SÃO LUIS - MA,1
A EVOLUÇÃO DE TURBOCOMPRESSORES EM MOTORES DE COMBUSTÃO INTERNA,0
ANÁLISE DO FUNCIONAMENTO DE ECOPONTOS NO MUNICÍPIO DE SÃO LUÍS - MA.,1
ABRINDO OS DADOS PÚBLICOS DA UNIVERSIDADE FEDERAL DO MARANHÃO,2
UMA PROPOSTA PARA ABERTURA DOS DADOS PÚBLICOS DA UNIVERSIDADE FEDERAL DO MARANHÃO,2
PROJETO CASA CIDADÃ: ACESSIBILIDADE PARA A SOCIEDADE DE BAIXA RENDA DE SÃO LUÍS/MARANHÃO,0
TÉCNICAS DE REABILITAÇÃO APLICADAS EM ESTRUTURAS DE ALVENARIA ESTRUTURAL,1
FATORES MOTIVACIONAIS NA FORMAÇÃO DO PERFIL PROFISSIONAL DO JOVEM: UM ESTUDO EXPLORATÁRIO.,1
SEGURANÇA NA CONSTRUÇÃO CIVIL: UM ESTUDO DE CASO,1
UMA BREVE EXPLANAÇÃO SOBRE A MODELAGEM MATEMÁTICA DA PONTE TACOMA NARROWS,0
ESTUDO DE UMA METODOLOGIA PARA QUANTIFICAÇÃO E CONTROLE DE POSICIONAMENTO DE PAINÉIS SOLARES,5
MANEJO DAS ÁGUAS PLUVIAIS NO CENTRO PEDAGÓGICO PAULO FREIRE,1
MANEJO DAS ÁGUAS PLUVIAIS NO CENTRO PEDAGÓGICO PAULO FREIRE,1
O TEOREMA DE NOETHER E AS SIMETRIAS NA FÍSICA,1
ESTUDO DA REDUÇÃO DA ALCALINIDADE DO RESÍDUO DA BAUXITA,5
USO DE FIBRAS COMO MATERIAL DE CONSTRUÇÃO CIVIL,1
PROPOSTA DE GERAÇÃO DE ENERGIA ELÉTRICA ATRAVÉS DE MICROGERADORES EÓLICOS PARA ATENDIMENTO RESIDENCIAL NO LITORAL MARANHENSE,1
A UTILIZAÇÃO DOS RESÍDUOS SOLIDOS DA CONSTRUÇÃO CIVIL: UM FOCO NA REDUÇÃO DOS CUSTOS E NA QUALIDADE DOS PRODUTOS,1
UMA PROPOSTA PARA A PRODUÇÃO DE BLOCOS DE CONCRETO PRE-MOLDADOS SEM FINS ESTRUTURAIS A PARTIR DE AGREGADOS RECICLADOS,1
ESTUDO DE VIABILIDADE DA CRIAÇÃO DE UM PROVEDOR DE SERVIÇOS SOA EMBARCADO NA PLATAFORMA RASPBERRY PI,0
ATUAÇÃO DA RELAÇÃO AGUA/CIMENTO NAS PROPRIEDADES DO CONCRETO.,1
MAPEAMENTO DE AMBIENTES FECHADOS,2
FISSURAS EM ESTRUTURAS DE CONCRETO ARMADO E ALVENARIA: ESTUDO DE CASO NA UNIVERSIDADE FEDERAL DO MARANHÃO - CAMPUS BACANGA,2
POSICIONAMENTO E LOCALIZAÇÃO EM AMBIENTES FECHADOS.,2
POSICIONAMENTO E LOCALIZAÇÃO EM AMBIENTES FECHADO,2
"ESTUDO DE MÉTODOS PARA MANUTENÇÃO DAS MEMBRANAS DOS SISTEMAS DE OSMOSE REVERSA DO HOSPITAL CARLOS MACIEIRA NO MUNICÍPIO DE SÃO LUÍS, MARANHÃO",0
AVALIAÇÃO DA QUALIDADE DOS TIJOLOS CERÂMICOS QUANTO A NBR 15270,1
EDIFICAÇÕES SUSTENTÁVEIS,1
MANEJO DAS ÁGUAS PLUVIAIS NO CENTRO PEDAGÓGICOS PAULO FREIRE,1
CONSTRUÇÃO SUSTENTAVEL DE HABITAÇÕES A BAIXO CUSTO,1
CONSTRUÇÃO SUSTENTAVEL DE HABITAÇÕES A BAIXO CUSTO,1
ESTUDO DA VIABILIDADE PARA IMPLEMENTAÇÃO DE TECNOLOGIAS DE SMARTGRID EM CONSTRUÇÕES SUSTENTAVEIS NO MARANHÃO,0
FILA VIRTUAL: UM MODELO INOVADOR PARA FILAS DE RESTAURANTES UNIVERSITÁRIOS,2
FILA VIRTUAL: OCULTANDO O TEMPO DE ESPERA,2
ANALISE DAS OBRAS DE RESTAURAÇÃO E MANUTENÇÃO DE IMOVEIS TOMBADOS PELO PATRIMONIO HISTORICO: CUSTOS DE ORÇAMENTOS,1
AS CIDADES INVISÍVEIS E O ENGENHEIRO LEITOR,1
REABILITAÇÃO EM ESTRUTURAS DE CONCRETO ARMADO SOB INFLUÊNCIA DE AMBIENTE MARINHO. ESTUDO DE CASO EM UM CONDOMÍNIO RESIDENCIAL EM SÃO LUIS-MA,1
REAPROVEITAMENTO E RECICLAGEM DE RESÍDUOS SÓLIDOS NA CONSTRUÇÃO CIVIL.,1
VIABILIDADE DO USO DE CONTÊINERES PARA CONSTRUÇÕES COMERCIAIS EM SÃO LUÍS,1
CARACTERIZAÇÃO DO SISTEMA DE TRANSPORTE COLETIVO DE SÃO LUÍS DO MARANHÃO APÓS A INTEGRAÇÃO TARIFÁRIA,5
UM ESTUDO ANALÍTICO DO PÊNDULO SIMPLES EM REGIME NÃO LINEAR: FUNÇÕES ELÍPTICAS E INTEGRAIS ELÍPTICAS,1
OBTENÇÃO DE NANOESTRUTURAS AUTO-ORGANIZADAS DE BIOBR COM EMPREGO DE AMINOÁCIDOS E SUAS PROPRIEDADES FOTOCATALÍTICAS,1
"EFEITO DE AMINOÁCIDOS NA ESTRUTURA, MORFOLOGIA E PROPRIEDADES CATALÍTICAS E ÓPTICAS DE BIOBR POR MÉTODO ASSISTIDO POR MICROONDAS",1
CONCRETO REFORÇADO COM FIBRAS DE COCO BABAÇU,1
CARACTERIZAÇÃO DAS PROPRIEDADES FÍSICO-QUÍMICAS E TÉRMICAS DE ESCAMAS DE PEIXE DE UMA PEIXARIA DA ILHA DE SÃO LUÍS (MA) E UTILIZAÇÃO EM SISTEMAS DE TERMO-CONVERSÃO COM FINALIDADE ENERGÉTICA,3
PATOLOGIAS EM VIADUTOS - ESTUDO DE CASO DO ELEVADO DA COHAMA EM SÃO LUÍS _x0096_ MA,1
PATOLOGIAS EM VIADUTOS - ESTUDO DE CASO DO ELEVADO DA COHAMA EM SÃO LUÍS _x0096_ MA,0
ESTUDO DA VARIAÇÃO DE VALORES DO RSSI DO PADRÃO 802.11N PARA DETECÇÃO DE PRESENÇA DE BAIXA PRECISÃO,2
INVESTIGAÇÃO DAS PROPRIEDADES ÓPTICAS E FOTOCATALÍTICAS DE OXIHALETOS DE BISMUTO NANOESTRUTURADOS POR INTERMÉDIO DO MÉTODO HIDROTERMAL ASSISTIDO POR MICRO-ONDAS,5
AVALIAÇÃO DA IMPORTÂNCIA DO 5S NA CONSTRUÇÃO CIVIL.,1
LOGÍSTICA REVERSA DOS RESÍDUOS ELETRÔNICOS DE INFORMÁTICA NA UNIVERSIDADE FEDERAL DO MARANHÃO,0
LOGÍSTICA REVERSA DOS RESÍDUOS ELETRÔNICOS DE INFORMÁTICA NA UNIVERSIDADE FEDERAL DO MARANHÃO,0
CORROSÃO EM MATERIAIS E ESTRUTURA DE CONCRETO NA ZONA LITORÂNEA DA CIDADE DE SÃO LUÍS - MA,1
A PERSPECTIVA INTERDISCIPLINAR NA FORMAÇÃO DO PERFIL EMPREENDEDOR: UM ESTUDO EXPLORATÓRIO NO BACHARELADO INTERDISCIPLINAR DA UFMA.,1
GESTÃO DE RESÍDUOS GERADOS NOS EXPERIMENTOS DE SOLUBILIDADE E REAÇÃO QUÍMICA DO CURSO DE CIÊNCIA E TECNOLOGIA DA UFMA,5
PROPOSTA DE MANUAL DE DESCARTE DE RESÍDUOS QUÍMICOS PARA O LABORATÓRIO DE QUÍMICA DO CURSO DE CIÊNCIA E TECNOLOGIA DA UNIVERSIDADE FEDERAL DO MARANHÃO,5
"ESTUDO E ANÁLISE ELEMENTAR DE MINERAIS METÁLICOS EM PLANTAS MEDICINAIS CULTIVADAS NO ENTORNO DE ÁREA INDUSTRIAL: EXPLORAÇÃO NO POVOADO MÃE CHICA, ZONA RURAL DE LUÍS - MA.",0
CARACTERIZAÇÃO DO SISTEMA DE TRANSPORTE COLETIVO DE SÃO LUÍS DO MARANHÃO APÓS A INTEGRAÇÃO TARIFÁRIA,2
POTENCIALIDADE DO USO DE LODO DE EFLUENTES,1
CAUSAS E CONSEQUÊNCIA DOS ACIDENTES RELACIONADOS A TRABALHO EM ALTURA.,1
SUSTENTABILIDADE NA CONSTRUÇÃO CIVIL: CASAS ECOLÓGICAS,1
ANÁLISE GEOMÉTRICA E COMPUTACIONAL DE CÚPULAS,1
ABORDAGEM MATEMÁTICA PARA A APLICAÇÃO DO MÉTODO DOS ELEMENTOS FINITOS EM ESTRUTURAS RETICULARES DE DUAS DIMENSÕES,1
PROPOSTA DE MELHORIA ESTRUTURAL PARA BALANÇA RODOVIÁRIA DO PORTO DO ITAQUI,0
ORGANIZAÇÃO DOS CANTEIROS DE OBRAS: ESTUDO DE CASO COM FOCO NA MELHORIA DA QUALIDADE E PRODUTIVIDADE NA CONSTRUÇÃO CIVIL,1
RESÍDUOS SÓLIDOS DA CONSTRUÇÃO CIVIL: REUTILIZAÇÃO NA PRODUÇÃO DE CONCRETO,5
ENSAIO DE TORÇÃO A QUENTE PARA DETERMINAÇÃO DA TEMPERATURA DE NÃO RECRISTALIZAÇÃO DO AÇO 316L,1
AVALIAÇÃO FUNCIONAL OBJETIVA DE PAVIMENTO ASFÁLTICO ENTRE TRECHO DE SENTIDOS OPOSTOS DA AV. GETÚLIO VARGAS EM SÃO LUÍS-MA,1
ESTUDO DO SISTEMA DE ABASTECIMENTO DE ÁGUA DA CIDADE DE SÃO LUÍS - MA E A IMPLANTAÇÃO DE UM SISTEMA DE APROVEITAMENTO DE ÁGUA PLUVIAL COM AUXÍLIO DA AUTOMAÇÃO,0
VIABILIDADE TÉCNICA E ECONÔMICA DA PAREDE DE DRYWALL FRENTE A ALVENARIA DE TIJOLOS CERÂMICOS NO MUNICÍPIO DE SÃO LUÍS - MA,1
"ESTUDO E ANÁLISE ELEMENTAR DE MINERAIS METÁLICOS EM PLANTAS MEDICINAIS CULTIVADAS NO ENTORNO DE ÁREA INDUSTRIAL: EXPLORAÇÃO NO POVOADO MÃE CHICA, ZONA RURAL DE SÃO LUÍS - MA.",3
LOGÍSTICA REVERSA DOS RESÍDUOS ELETRÔNICOS DE INFORMÁTICA NA UNIVERSIDADE FEDERAL DO MARANHÃO,0
REABILITAÇÃO EM ESTRUTURAS DE CONCRETO ARMADO SOB INFLUÊNCIA DE AMBIENTE MARINHO. ESTUDO DE CASO EM UM CONDOMÍNIO RESIDENCIAL EM SÃO LUIS-MA,2
TUNELAMENTO QUÂNTICO UNIDIMENSIONAL E APLICAÇÕES DO EFEITO TÚNEL,1
ESTUDO E INTERMEDIAÇÃO DAS PATOLOGIAS DO CONCRETO NA ZONA LITORÂNEA DA CIDADE DE SÃO JOSÉ DE RIBAMAR-MA,1
ÁGUA RESIDUÁRIA DA PRODUÇÃO DE CONCRETO,1
ESTUDO DE VIABILIDADE DA PRODUÇÃO DE TIJOLOS SOLO-CIMENTO COM RESÍDUOSDA CONSTRUÇÃO CIVIL E A FIBRA DO COCO BABAÇU,1
RESÍDUOS PESQUEIROS: DESTINAÇÃO CORRETA EM UMA PERSPECTIVA AMBIENTAL,5
APLICAÇÃO DE ÍNDICE DE MOBILIDADE URBANA SUSTENTÁVEL NA UNIVERSIDADE FEDERAL DO MARANHÃO _x0096_ CAMPUS BACANGA,1
REVISÃO E ANÁLISE DE METODOLOGIAS DE PROJETO AERONÁUTICO,3
OTIMIZAÇÃO ESTRUTURAL DE VIGAS DE CONCRETO ARMADO DE ALTA RESISTÊNCIA DE SEÇÃO T UTILIZANDO O SOLVER,1
ESTATÍSTICA DE CRIMES VIOLENTOS LETAIS INTENCIONAIS NA REGIÃO METROPOLITANA DE SÃO LUÍS NO PERÍODO DE 2009 A 2017.,0
A UTILIZAÇÃO DE CONTÊINERES NA PRODUÇÃO DE HABITAÇÕES DE INTERESSE SOCIAL NO MUNICÍPIO DE SÃO LUIS/MA.,1
VIABILIDADE DO USO DE CONTÊINERES PARA CONSTRUÇÕES COMERCIAIS EM SÃO LUÍS,1
"ESTUDO GERAL SOBRE CONCRETO LEVE: COMPONENTES, PROPRIEDADES E APLICAÇÕES",1
POTENCIALIDADE DO USO DE LODO DE EFLUENTES,1
ANÁLISE ELEMENTAR DO MODELO MATEMÁTICO DA DIFUSÃO DE CLORETOS NO CONCRETO E PREVISÃO DA VIDA ÚTIL,1
RESÍDUOS PESQUEIROS: DESTINAÇÃO CORRETA EM UMA PERSPECTIVA AMBIENTAL,5
TRATAMENTO E DESINTOXICAÇÃO DE CORPOS DÁGUA ATRAVÉS DE ILHAS FLUTUANTES FORMADAS POR EICHHORNIA CRASSIPES (AGUAPÉ).,1
TUNELAMENTO QUÂNTICO UNIDIMENSIONAL E APLICAÇÕES DO EFEITO TÚNEL,0
"LAMA VERMELHA: CARACTERÍSTICAS, PRODUÇÃO E APLICAÇÕES NA CONSTRUÇÃO CIVIL",1
: APLICABILIDADE DO SISTEMA FOTOVOLTAICO PARA ALIMENTAÇÃO ENERGÉTICA DE CONDOMÍNIOS EM SÃO LUÍS DO MARANHÃO,0
CORROSÃO EM MATERIAIS E ESTRUTURA DE CONCRETO NA ZONA LITORÂNEA DA CIDADE DE SÃO LUÍS - MA,1
A PERSPECTIVA INTERDISCIPLINAR NA FORMAÇÃO DO PERFIL EMPREENDEDOR: UM ESTUDO EXPLORATÓRIO NO BACHARELADO INTERDISCIPLINAR DA UFMA.,1
CONCRETO REFORÇADO COM FIBRAS DE COCO BABAÇU,5
APROVEITAMENTO DE ENERGIA SOLAR PARA SISTEMAS FOTOVOLTAICOS VOLTADOS PARA RESIDÊNCIAS UNIFAMILIARES NA CIDADE DE SÃO LUÍS _x0096_ MA,1
RECONHECIMENTO FACIAL APLICADO À AUTOMATIZAÇÃO DO CADASTRO DE FREQUÊNCIA ESCOLAR,2
ACESSIBILIDADE NO CENTRO DE CIÊNCIAS EXATAS E TECNOLOGIA DA UNIVERSIDADE FEDERAL DO MARANHÃO A PESSOAS COM DEFICIÊNCIA FÍSICA E VISUAL,1
"LAMA VERMELHA: CARACTERÍSTICAS, PRODUÇÃO E APLICAÇÕES NA CONSTRUÇÃO CIVIL",1
"SISTEMAS ATIVOS DE PREVERÇÃO, RETARDO E COMBATE A INCÊNDIO: ESTUDO DE CASO DO PRÉDIO PAULO FREIRE",3
"GESTÃO, REAPROVEITAMENTO E RECICLAGEM DE RESÍDUOS SÓLIDOS NA CONSTRUÇÃO CIVIL",1
AVALIAÇÃO DO REAPROVEITAMENTO E RECICLAGEM DE RESÍDUOS SÓLIDOS NA CONSTRUÇÃO CIVIL. UM ESTUDO DE CASO EM CANTEIRO DE OBRAS.,1
ANÁLISE DE RECICLAGEM DO CONCRETO NA CONSTRUÇÃO CIVIL DO MUNICÍPIO DE SÃO LUÍS-MA,1
MINERAÇÃO DE OPINIÃO APLICADA ÀS ELEIÇÕES MUNICIPAIS DE SÃO LUÍS,2
ESTUDO DE VIABILIDADE DA PRODUÇÃO DE TIJOLOS SOLO-CIMENTO COM RESÍDUOSDA CONSTRUÇÃO CIVIL E A FIBRA DO COCO BABAÇU,1
AVALIAÇÃO DO USO DA ENERGIA SOLAR PARA O CONDICIONAMENTO TÉRMICO DE AMBIENTES NA CIDADE DE SÃO LUÍS - MA.,0
OTIMIZAÇÃO ESTRUTURAL DE VIGAS DE CONCRETO ARMADO DE ALTA RESISTÊNCIA DE SEÇÃO T UTILIZANDO O SOLVER,1
O SISTEMA DE POSICIONAMENTO GLOBAL (GPS) COMO APLICAÇÃO PRÁTICA DA TEORIA DA RELATIVIDADE GERAL,2
ORGANIZAÇÃO DOS CANTEIROS DE OBRAS: ESTUDO DE CASO COM FOCO NA MELHORIA DA QUALIDADE E PRODUTIVIDADE NA CONSTRUÇÃO CIVIL,1
ORGANIZAÇÃO DOS CANTEIROS DE OBRAS: ESTUDO DE CASO COM FOCO NA MELHORIA DA QUALIDADE E PRODUTIVIDADE NA CONSTRUÇÃO CIVIL,1
ABORDAGEM MATEMÁTICA PARA A APLICAÇÃO DO MÉTODO DOS ELEMENTOS FINITOS EM ESTRUTURAS RETICULARES DE DUAS DIMENSÕES,1
PROPOSTA DE MANUAL DE DESCARTE DE RESÍDUOS QUÍMICOS PARA O LABORATÓRIO DE QUÍMICA DO CURSO DE CIÊNCIA E TECNOLOGIA DA UNIVERSIDADE FEDERAL DO MARANHÃO,1
MANIFESTAÇÕES PATOLÓGICAS EM FACHADAS DE EDIFÍCIOS DO CENTRO HISTÓRICO DE SÃO LUÍS,1
CONCRETO REFORÇADO COM FIBRAS DE COCO BABAÇU,1
UTILIZAÇÃO DO DRYWALL COMO VEDAÇÃO VERTICAL INTERNA,1
VEDAÇÕES VERTICAIS ALTERNATIVAS: DRYWALL X BLOCOS DE CONCRETO,1
ESTUDO DAS PROPRIEDADES DO CONCRETO RECICLADO UTILIZANDO AGREGADOS GRAÚDOS RECICLADOS PARA APLICAÇÃO EM ELEMENTOS ESTRUTURAIS,1
INVESTIGAÇÃO DAS PROPRIEDADES ÓPTICAS E FOTOCATALÍTICAS DE OXIHALETOS DE BISMUTO NANOESTRUTURADOS POR INTERMÉDIO DO MÉTODO HIDROTERMAL ASSISTIDO POR MICRO-ONDAS,5
ASPECTOS TEÓRICOS DO OSCILADOR HARMÔNICO E SUA INTERAÇÃO COM O ATRITO SECO.,2
USO DE FIBRAS POLIMÉRICAS COMO MATERIAL DE CONSTRUÇÃO EM MATRIZES CIMENTÍCIAS,1
ANÁLISE GEOMÉTRICA E COMPUTACIONAL DE CÚPULAS.,1
VEDAÇÕES VERTICAIS ALTERNATIVAS: DRYWALL X BLOCOS DE CONCRETO,1
UTILIZAÇÃO DO DRYWALL COMO VEDAÇÃO VERTICAL INTERNA,1
REVISÃO E ANÁLISE DE METODOLOGIAS DE PROJETO AERONÁUTICO,0
GESTÃO DE RESÍDUOS GERADOS NOS EXPERIMENTOS DE SOLUBILIDADE E REAÇÃO QUÍMICA DO CURSO DE CIÊNCIA E TECNOLOGIA DA UFMA,1
PROPOSTA DE MANUAL DE DESCARTE DE RESÍDUOS QUÍMICOS PARA O LABORATÓRIO DE QUÍMICA DO CURSO DE CIÊNCIA E TECNOLOGIA DA UNIVERSIDADE FEDERAL DO MARANHÃO,1
REAPROVEITAMENTO DE RESÍDUOS DOMÉSTICOS ORGÂNICOS- UM PROJETO SOCIOAMBIENTAL NO C.E. ESTADUAL DR. GERALDO MELO EM SÃO LUÍS-MA,1
ACESSIBILIDADE NO CENTRO DE CIÊNCIAS EXATAS E TECNOLOGIA DA UNIVERSIDADE FEDERAL DO MARANHÃO A PESSOAS COM DEFICIÊNCIA FÍSICA E VISUAL,1
SISTEMA DE REFRIGERAÇÃO BASEADO EM TETOS RADIANTES: AVALIAÇÃO DE VIABILIDADE E VANTAGENS ECONÔMICAS NO ESTADO DO MARANHÃO,1
"ORÇAMENTO E CURVA ABC APLICADA A PROJETO DE REFORMA DE RESIDÊNCIAS CONFORME NORMA BRASILEIRA DE ACESSABILIDADE, A NBR 9050:2015, PARA CADEIRANTES.",0
ANÁLISE GEOMÉTRICA E COMPUTACIONAL DE CÚPULAS,1
ABORDAGEM MATEMÁTICA PARA A APLICAÇÃO DO MÉTODO DOS ELEMENTOS FINITOS EM ESTRUTURAS RETICULARES DE DUAS DIMENSÕES,1
ANÁLISE DE RECONHECIMENTO DE PADRÕES: UMA PROPOSTA DE NOVOS DESCRITORES GEOMÉTRICOS,0
ÁGUA RESIDUÁRIA NA PRODUÇÃO DE CONCRETO,3
MANEJO DAS ÁGUAS PLUVIAIS NO CENTRO PEDAGÓGICO PAULO FREIRE,1
IDENTIFICAÇÃO DA CERTIFICAÇÃO AMBIENTAL E DOS SISTEMAS DE AVALIAÇÃO EM EDIFÍCIOS COMO PARÂMETRO DE SUSTENTABILIDADE NA CONSTRUÇÃO CIVIL.,1
TRATAMENTO DA ÁGUA DE LAVAGEM DAS BANDEJAS DO RESTAURANTE UNIVERSITÁRIO/UFMA POR ELETROFLOCULAÇÃO,5
PATOLOGIAS EM EDIFICAÇÕES OCASIONADAS PELA ASCENSÃO CAPILAR,1
POTENCIALIDADE DO USO DE LODO DE EFLUENTES,1
PERCEPÇÃO DO ENGENHEIRO CIVIL QUANTO A UTILIZAÇÃO DE FIBRAS EM CONCRETO ESTRUTURAL: UM ESTUDO DE CASO,1
ESTUDO DE ASPECTOS GEOTÉCNICOS DO SOLO DE UMA ÁREA DE EXPANSÃO IMOBILIÁRIA EM SÃO LUÍS,1
ESTUDO DAS PROPRIEDADES DO CONCRETO RECICLADO UTILIZANDO AGREGADOS GRAÚDOS RECICLADOS PARA APLICAÇÃO EM ELEMENTOS ESTRUTURAIS,1
ESTUDO E INTERMEDIAÇÃO DAS PATOLOGIAS DO CONCRETO NA ZONA LITORÂNEA DA CIDADE DE SÃO JOSÉ DE RIBAMAR-MA,1
MANIFESTAÇÕES PATOLÓGICAS EM FACHADAS DE EDIFÍCIOS DO CENTRO HISTÓRICO DE SÃO LUÍS,1
ANÁLISE DA RECICLAGEM DO CONCRETO NA CONSTRUÇÃO CIVIL DO MUNICÍPIO DE SÃO LUÍS-MA,1
TUNELAMENTO QUÂNTICO UNIDIMENSIONAL E APLICAÇÕES DO EFEITO TÚNEL,0
OSCILAÇÃO HARMÔNICA DE UMA PARTÍCULA PONTUAL NO INTERIOR DA TERRA SOB INTERAÇÃO GRAVITACIONAL.,1
LEVANTAMENTO BIBLIOGRÁFICO ACERCA DA INCLUSÃO E DA ACESSIBILIDADE,0
ANÁLISE DA RECICLAGEM DO CONCRETO NA CONSTRUÇÃO CIVIL DO MUNICÍPIO DE SÃO LUÍS-MA,1
UMA ARQUITETURA PARA MAPEAMENTO E LOCALIZAÇÃO EM AMBIENTES FECHADOS,2
ESTATÍSCA DE CRIMES VIOLENTOS LETAIS INTENCIONAIS NA REGIÃO METROPOLITANA DA GRANDE SÃO LUIS NO PERÍODO DE 2009 À 2017,1
"ESTUDO DO SISTEMA DE ABASTECIMENTO DE ÁGUA DA CIDADE DE SÃO LUÍS: FONTES E SISTEMAS DE DISTRIBUIÇÃO, IMPLANTAÇÃO DE UM SISTEMA DE APROVEITAMENTO DE ÁGUA PLUVIAL EM SÃO LUÍS - MA",5
VIABILIDADE DO USO DE CONTÊINERES PARA CONSTRUÇÕES COMERCIAIS EM SÃO LUÍS,1
ANÁLISE DA VIABILIDADE PARA APLICAÇÃO DA TECNOLOGIA SMART GRID EM CONSTRUÇÕES SUSTENTÁVEIS NO MARANHÃO,0
CAUSAS E CONSEQUÊNCIA DOS ACIDENTES RELACIONADOS A TRABALHO EM ALTURA.,1
SISTEMA DE REFRIGERAÇÃO BASEADO EM TETOS RADIANTES: AVALIAÇÃO DE VIABILIDADE E VANTAGENS ECONÔMICAS NO ESTADO DO MARANHÃO,1
AVALIAÇÃO DA IMPORTÂNCIA DO 5S NA CONSTRUÇÃO CIVIL.,2
ESTUDO E INTERMEDIAÇÃO DAS PATOLOGIAS DO CONCRETO NA ZONA LITORÂNEA DA CIDADE DE SÃO JOSÉ DE RIBAMAR-MA,1
"GESTÃO, REAPROVEITAMENTO E RECICLAGEM DE RESÍDUOS SÓLIDOS NA CONSTRUÇÃO CIVIL",1
AVALIAÇÃO DO REAPROVEITAMENTO E RECICLAGEM DE RESÍDUOS SÓLIDOS NA CONSTRUÇÃO CIVIL. UM ESTUDO DE CASO EM CANTEIRO DE OBRAS.,1
SUSTENTABILIDADE NA CONSTRUÇÃO CIVIL: CASAS ECOLÓGICAS,1
"GESTÃO DE RESÍDUOS SÓLIDOS: OS OBSTÁCULOS PARA IMPLANTAÇÃO DO GERENCIAMENTO INTEGRADO NO MUNICÍPIO DE SÃO LUÍS, MARANHÃO",5
RESÍDUOS PESQUEIROS: DESTINAÇÃO CORRETA EM UMA PERSPECTIVA AMBIENTAL,1
DESEMPENHO ACÚSTICO DE EDIFICAÇÕES HABITACIONAIS: DESAFIOS PARA IMPLEMENTAÇÃO DA NORMA DE DESEMPENHO.,1
ESTUDO DA RESISTÊNCIA MECÂNICA DA ARGAMASSA DE REVESTIMENTO,1
MULHERES COMPUTADORAS,3
"MULHERES COMPUTADORAS: PIONEIRISMO, SUPERAÇÃO E INSPIRAÇÃO EM ESTRELAS ALÉM DO TEMPO, DE MARGOT LEE SHETTERLY",3
ESTUDO DA INCORPORAÇÃO DE CINZAS DA CASCA DE ARROZ AOS TIJOLOS DE SOLO CIMENTO COMO SUBSTITUIÇÃO PARCIAL DO CIMENTO PORTLAND,1
AVALIAÇÃO FUNCIONAL OBJETIVA E DIAGNÓSTICO DO PAVIMENTO ENTRE TRECHOS DE SENTIDOS OPOSTOS DA AVENIDA DANIEL DE LA TOUCHE.,1
ESTRUTURAS HIERÁRQUICAS DE OXIHALETOS DE BISMUTO E SUAS PROPRIEDADES FOTOCATALÍTICAS,5
UM MODELO DE UNIVERSO ETERNO A PARTIR DA ELETRODINÂMICA ACOPLADA COM A GRAVIDADE.,1
ESTUDO DAS CARACTERÍSTICAS E DA VIABILIDADE DE PAVIMENTOS MODIFICADOS POR BORRACHA DE PNEUS,1
AVALIAÇÃO DE EICHHORNIA CRASSIPES (AGUAPÉ) COMO FITORREMEDIAORA DE METAIS PESADOS.,1
ANÁLISE GEOMÉTRICA E COMPUTACIONAL DE CÚPULAS,1
CARACTERIZAÇÃO DA CERÂMICA DO MUNICÍPIO DE ITAPECURU-MIRIM / MA,0
CARTILHA COMO AUXILIAR PARA GERENCIAMENTO SUSTENTÁVEL DE RESÍDUOS DE OBRAS DOMÉSTICAS DA CONSTRUÇÃO CIVIL,1
PLANEJAMENTO DE CARTILHA PARA GERENCIAMENTO SUSTENTÁVEL DE RESÍDUOS NA CONSTRUÇÃO CIVIL,1
ESTUDO DA AVALIAÇÃO AO FUNCIONAL OBJETIVA DO PAVIMENTO ASFALTICO ENTRE TRECHOS DE SENTIDOS OPOSTOS DA AV. GETULIO VARGAS - SÃO LUÍS/MA,1
ACESSIBILIDADE :UM ESTUDO DE CASO APLICADO AO CENTRO PEDAGÓGICO PAULO FREIRE DA UNIVERSIDADE FEDERAL DO MARANHÃO.,1
"AVALIAÇÃO DO TEOR DE FERRO EM AMOSTRAS DE CHÁS DE ERVAS MEDICINAIS PROVENIENTES DO POVOADO MÃE CHICA, ZONA RURAL DE SÃO LUÍS - MA.",3
LOGÍSTICA REVERSA: ANÁLISE DE IMPLEMENTAÇÃO DO CENTRO DE DESCARTE E REUSO DOS RESÍDUOS ELETRÔNICOS DE INFORMÁTICA NA UNIVERSIDADE FEDERAL DO MARANHÃO.,0
ESTUDO SOBRE O USO DA IMPRESSÃO 3D NA CONSTRUÇÃO CIVIL,1
AVALIAÇÃO DO USO DA ÁGUA RESIDUÁRIA NA PRODUÇÃO DE CONCRETO,1
PATOLOGIAS EM FACHADA DE EDIFICAÇÃO: UM ESTUDO DE CASO NO CENTRO HISTÓRICO DE SÃO LUÍS/MA,0
REVISÃO BIBLIOGRÁFICA E ANÁLISE DE METODOLOGIAS DE PROJETO AERONÁUTICO,3
REVISÃO BIBLIOGRÁFICA E ANÁLISE DE METODOLOGIAS DE PROJETO AERONÁUTICO,3
ESTUDO DA RESISTÊNCIA MECÂNICA DA ARGAMASSA DE REVESTIMENTO,1
DESEMPENHO ACÚSTICO DE EDIFICAÇÕES HABITACIONAIS: DESAFIOS PARA IMPLEMENTAÇÃO DA NORMA DE DESEMPENHO.,1
TÓPICOS DE CÁLCULO ESTOCÁSTICO COM APLICAÇÕES EM FINANÇAS.,1
"PROPOSTA DE IMPLEMENTAÇÃO DE UMA ESTAÇÃO DE TRATAMENTO DE ESGOTO NAS IMEDIAÇÕES DA UNIVERSIDADE FEDERAL DO MARANHÃO, CAMPUS BACANGA - SÃO LUIS.",1
ESTUDO DA OBTENÇÃO DE BIOGÁS POR MEIO DA UTILIZAÇÃO DE REATORES ANAERÓBIOS EM TRATAMENTO DE EFLUENTES RESIDUAIS,1
AVALIAÇÃO DE EICHHORNIA CRASSIPES (AGUAPÉ) COMO FITORREMEDIAORA DE METAIS PESADOS.,1
ESTUDO SOBRE O USO DA IMPRESSÃO 3D NA CONSTRUÇÃO CIVIL,0
ACESSIBILIDADE NO CENTRO DE CIÊNCIAS EXATAS E TECNOLOGIA DA UNIVERSIDADE FEDERAL DO MARANHÃO A PESSOAS COM DEFICIÊNCIA FÍSICA E VISUAL,1
ENERGIA FOTOVOLTAICA COMO FONTE DE ALIMENTAÇÃO ENERGÉTICA DE ÁREAS COMUNS EM CONDOMÍNIOS DE SÃO LUÍS DO MARANHÃO,0
CARTILHA COMO AUXILIAR PARA GERENCIAMENTO SUSTENTÁVEL DE RESÍDUOS DE OBRAS DOMÉSTICAS DA CONSTRUÇÃO CIVIL,1
PLANEJAMENTO DE CARTILHA PARA GERENCIAMENTO SUSTENTÁVEL DE RESÍDUOS NA CONSTRUÇÃO CIVIL,1
"FONTES HISTÓRICAS DE ABASTECIMENTO DE ÁGUA E SEUS USOS CONTEMPORÂNEOS: SÃO LUÍS, MA, BRASIL.",0
LEVANTAMENTO E IDENTIFICAÇÃO MANIFESTAÇÕES PATOLÓGICAS EM FACHADAS DE EDIFÍCIOS DO CENTRO HISTÓRICO DE SÃO LUÍS _x0096_ UM ESTUDO DE CASO,1
MANIFESTAÇÕES PATOLÓGICAS NA CONSTRUÇÃO CIVIL: LEVANTAMENTO TERMINOLÓGICO E PROPOSIÇÃO DE GLOSSÁRIO,1
ANÁLISE DE VIBRAÇÕES ATRAVÉS DO MEDIDOR EXTECH MODELO 407860,2
ESTRUTURAS HIERÁRQUICAS DE OXIHALETOS DE BISMUTO E SUAS PROPRIEDADES FOTOCATALÍTICAS,5
INFLUÊNCIA DAS FIBRAS DE POLIÉSTER NO DESEMPENHO DE ARGAMASSA CIMENTÍCIA,1
ESTUDO DA VIABILIDADE DA UTILIZAÇÃO DO ADOBE COMO ESTRUTURA DE COMPOSTEIRAS:,1
ANÁLISE GEOMÉTRICA E COMPUTACIONAL DE CÚPULAS,1
ESTUDO DAS CARACTERÍSTICAS E DA VIABILIDADE DE PAVIMENTOS MODIFICADOS POR BORRACHA DE PNEUS,1
ACIDEZ DE SOLOS: ESTUDO DE COMPONENTES MINERAIS E PH EM LOCALIDADE DE AGRICULTURA FAMILIAR NA ZONA RURAL DO MUNICÍPIO DE SÃO JOSÉ DE RIBAMAR-MA,0
MANIFESTAÇÕES PATOLÓGICAS NA CONSTRUÇÃO CIVIL: LEVANTAMENTO TERMINOLÓGICO E PROPOSIÇÃO DE GLOSSÁRIO,1
SISTEMA DE REFRIGERAÇÃO BASEADOS EM TETOS RADIANTES EM SALA DE AULA: AVALIAÇÃO DO CONFORTO TÉRMICO E VANTAGENS ECONÔMICAS,1
"PROPOSTA DE IMPLEMENTAÇÃO DE UMA ESTAÇÃO DE TRATAMENTO DE ESGOTO NAS IMEDIAÇÕES DA UNIVERSIDADE FEDERAL DO MARANHÃO, CAMPUS BACANGA - SÃO LUIS.",1
ESTUDO DA OBTENÇÃO DE BIOGÁS POR MEIO DA UTILIZAÇÃO DE REATORES ANAERÓBIOS EM TRATAMENTO DE EFLUENTES RESIDUAIS,1
AVALIAÇÃO DE EICHHORNIA CRASSIPES (AGUAPÉ) COMO FITORREMEDIAORA DE METAIS PESADOS.,1
ESTUDO DA RESISTÊNCIA MECÂNICA DA ARGAMASSA DE REVESTIMENTO,1
DESEMPENHO ACÚSTICO DE EDIFICAÇÕES HABITACIONAIS: DESAFIOS PARA IMPLEMENTAÇÃO DA NORMA DE DESEMPENHO.,1
ANÁLISE GEOMÉTRICA E COMPUTACIONAL DE CÚPULAS,1
AVALIAÇÃO DO USO DE ÁGUA RESIDUÁRIA NA PRODUÇÃO DE CONCRETO.,3
DETECÇÃO DE MICRORGANISMOS PRODUTORES DE COMPOSTOS ATIVOS DE SUPERFÍCIE EM SEDIMENTOS DE MANGUE NA CIDADE DE SÃO LUÍS DO MARANHÃO,1
DETECÇÃO DE MICRORGANISMOS PRODUTORES DE COMPOSTOS ATIVOS DE SUPERFÍCIE EM SEDIMENTOS DE MANGUE NA CIDADE DE SÃO LUÍS DO MARANHÃO,1
DESENVOLVIMENTO DE UM SISTEMA DE MONITORAMENTO PARA DATA CENTER BASEADO EM INTERNET DAS COISAS,0
TRATAMENTO DA ÁGUA DE LAVAGEM DAS BANDEJAS DO RESTAURANTE UNIVERSITÁRIO/UFMA POR ELETROFLOCULAÇÃO,5
CARACTERIZAÇÃO DA CERÂMICA DO MUNICÍPIO DE ITAPECURU-MIRIM / MA,1
DESENVOLVIMENTO DE UM SISTEMA DE MONITORAMENTO PARA DATA CENTER BASEADO EM INTERNET DAS COISAS,0
LEVANTAMENTO E IDENTIFICAÇÃO MANIFESTAÇÕES PATOLÓGICAS EM FACHADAS DE EDIFÍCIOS DO CENTRO HISTÓRICO DE SÃO LUÍS _x0096_ UM ESTUDO DE CASO,1
ANÁLISE DAS MANIFESTAÇÕES PATOLÓGICAS NO VIADUTO DO CAFÉ - SÃO LUÍS - MA,1
ANÁLISE DAS MANIFESTAÇÕES PATOLÓGICAS NO VIADUTO DO CAFÉ - SÃO LUÍS - MA,1
ESTUDO SOBRE O USO DA IMPRESSÃO 3D NA CONSTRUÇÃO CIVIL,0
ACIDEZ DE SOLOS: ESTUDO DE COMPONENTES MINERAIS E PH EM LOCALIDADE DE AGRICULTURA FAMILIAR NA ZONA RURAL DO MUNICÍPIO DE SÃO JOSÉ DE RIBAMAR-MA,1
LEVANTAMENTO E IDENTIFICAÇÃO MANIFESTAÇÕES PATOLÓGICAS EM FACHADAS DE EDIFÍCIOS DO CENTRO HISTÓRICO DE SÃO LUÍS _x0096_ UM ESTUDO DE CASO,1
"PROPOSTA DE IMPLEMENTAÇÃO DE UMA ESTAÇÃO DE TRATAMENTO DE ESGOTO NAS IMEDIAÇÕES DA UNIVERSIDADE FEDERAL DO MARANHÃO, CAMPUS BACANGA - SÃO LUIS.",1
UTILIZAÇÃO DE REATORES AERÓBIOS PARA O TRATAMENTO DE ÁGUAS RESIDUAIS DO SISTEMA DE ESGOTO EM SÃO LUÍS-MA,1
DIAGNÓSTICO DOS RESÍDUOS SÓLIDOS DA CONSTRUÇÃO CIVIL EM SÃO LUÍS - MA,1
RESÍDUOS SÓLIDOS NA CONSTRUÇÃO CIVIL: ANÁLISE CRÍTICA EM OBRAS DE SÃO LUÍS-MA,1
REAPROVEITAMENTO DE RESÍDUOS DOMÉSTICOS ORGÂNICOS: UM PROJETO SOCIOAMBIENTAL NO CENTRO DE ENSINO ESTADUAL DR. GERALDO MELO EM SÃO LUÍS-MA,1
DIAGNÓSTICO DOS RESÍDUOS SÓLIDOS DA CONSTRUÇÃO CIVIL EM SÃO LUÍS - MA,1
RESÍDUOS SÓLIDOS NA CONSTRUÇÃO CIVIL: ANÁLISE CRÍTICA EM OBRAS DE SÃO LUÍS-MA,1
ESTATÍSTICA DE CRIMES VIOLENTOS LETAIS INTENCIONAIS NA REGIÃO METROPOLITANA DA GRANDE SÃO LUIS NO PERÍODO DE 2009 À 2017.,1
CARACTERIZAÇÃO DA CERÂMICA DO MUNICÍPIO DE ITAPECURU-MIRIM / MA,1
"ESTUDO GERAL SOBRE CONCRETO LEVE: COMPONENTES, PROPRIEDADES E APLICAÇÕES",1
USO DE ENERGIA SOLAR PARA SISTEMAS FOTOVOLTAICOS VOLTADOS PARA RESIDENCIAIS NA CIDADE DE SÃO LUÍS - MA,0
MULHERES COMPUTADORAS,3
"MULHERES COMPUTADORAS: PIONEIRISMO, SUPERAÇÃO E INSPIRAÇÃO EM ESTRELAS ALÉM DO TEMPO, DE MARGOT LEE SHETTERLY",3
DETECÇÃO DE MICRORGANISMOS PRODUTORES DE COMPOSTOS ATIVOS DE SUPERFÍCIE EM SEDIMENTOS DE MANGUE NA CIDADE DE SÃO LUÍS DO MARANHÃO,1
DETECÇÃO DE MICRORGANISMOS PRODUTORES DE COMPOSTOS ATIVOS DE SUPERFÍCIE EM SEDIMENTOS DE MANGUE NA CIDADE DE SÃO LUÍS DO MARANHÃO,1
SISTEMA DE REFRIGERAÇÃO BASEADOS EM TETOS RADIANTES EM SALA DE AULA: AVALIAÇÃO DO CONFORTO TÉRMICO E VANTAGENS ECONÔMICAS,1
ESTUDO DE MÉTODOS PARA MANUTENÇÃO DE MEMBRANAS DOS SISTEMAS DE OSMOSE REVERSA DO HOSPITAL CARLOS MACIEIRA NO MUNICÍPIO DE SÃO LUÍS _x0096_ MA,1
INVESTIGAÇÃO DE MANIFESTAÇÃO PATOLÓGICA EM PATRIMÔNIO TOMBADO PELO IPHAN,0
"INVESTIGAÇÃO DE MANIFESTAÇÃO PATOLÓGICA EM PATRIMÔNIO TOMBADO PELO IPHAN: ESTUDO DE CASO DA EMPRESA DE CORREIOS E TELÉGRAFOS LOCALIZADO NO LARGO DO CARMO, PRAÇA JOÃO LISBOA, EM SÃO LUÍS _x0096_ M",0
DESENVOLVIMENTO DE PLATAFORMA PARA ENSINO DA ELETRÔNICA UTILIZANDO RASPBERRY PI,0
"PROPOSTA DE PLANO DE GERENCIAMENTO DE RESÍDUOS SÓLIDOS PARA O CONDOMÍNIO MILANO RESIDENCE, LOCALIZADO NO MUNICÍPIO DE SÃO LUÍS - MA",5
VIABILIDADE DA INSTALAÇÃO DE SISTEMAS DE APROVEITAMENTO DA ÁGUA DAS CHUVAS NO DISTRITO INDUSTRIAL DE SÃO LUÍS,1
MAPA DE RISCO: UM ESTUDO APLICADO NO PRÉDIO DE ODONTOLOGIA DA UNIVERSIDADE FEDERAL DO MARANHÃO/ UFMA- CAMPUS BACANGA,1
MAPA DE RISCO: UM ESTUDO APLICADO NO PRÉDIO DE ODONTOLOGIA DA UNIVERSIDADE FEDERAL DO MARANHÃO/ UFMA- CAMPUS BACANGA,1
ANÁLISE DOS EFEITOS TÉRMICOS NO PROCESSO DE SOLDAGEM DO AÇO 1030 POR ELETRODO REVESTIDO,0
UM AMBIENTE LUDIFICADO COLABORATIVO PARA RECOMENDAÇÃO E ACONSELHAMENTO ACADÊMICO: BICT ROOM,2
ANÁLISE DA VIABILIDADE DE RESERVATÓRIO DE CONTENÇÃO DE CHEIAS E OS IMPACTOS DA URBANIZAÇÃO NO MUNICÍPIO DE IMPERATRIZ-MA,5
ANÁLISE PRELIMINAR DA VIABILIDADE TÉCNICA E AMBIENTAL PARA IMPLANTAÇÃO DE PARQUE EÓLICO NA REGIÃO DO CAMPO DE PERIZES - MA,1
COMPORTAMENTO MECÂNICO DO CONCRETO REFORÇADO COM MACROFIBRA ACRÍLICA,0
"ANÁLISE DOS IMPACTOS SOCIOAMBIENTAIS DA CONSTRUÇÃO, OPERAÇÃO E MANUTENÇÃO DA BARRAGEM DO BACANGA NA CIDADE DE SÃO LUÍS - MA",1
BIOPLASTICO E SUA APLICABILIDADE EM EMBALAGENS ALIMENTÍCIAS,1
"ESTUDO DA APLICAÇÃO DO ALUMÍNIO E SUAS LIGAS NA INDÚSTRIA NAVAL, AUTOMOBILÍSTICA E AERONÁUTICA.",3
DESENVOLVIMENTO DE UM SISTEMA DE MONITORAMENTO E CONTROLE CLIMÁTICO DE DATA CENTER BASEADO EM INTERNET DAS COISAS,2
CIRCUITOS EQUIVALENTES E ESPECTROSCOPIA DE IMPEDÂNCIA ELETROQUÍMICA PARA A ANÁLISE DE REVESTIMENTOS OBTIDOS DA OXIDAÇÃO DO ALUMÍNIO POR PLASMA ELETROLÍTICO,3
ANÁLISE PRELIMINAR DOS RISCOS OCUPACIONAIS E DAS CONDIÇÕES DE TRABALHO NO RESTAURANTE UNIVERSITÁRIO DA UNIVERSIDADE FEDERAL DO MARANHÃO - CAMPUS BACANGA,0
ANÁLISE EXPERIMENTAL DA REUTILIZAÇÃO DO POLIESTIRENO EXPANDIDO PROVENIENTE DO CANTEIRO DE OBRA NA PRODUÇÃO DO CONCRETO LEVE,1
"ESTUDO DA APLICAÇÃO DO ALUMÍNIO E SUAS LIGAS NA INDÚSTRIA NAVAL, AUTOMOBILÍSTICA E AERONÁUTICA.",3
"AVALIAÇÃO DA IMPLANTAÇÃO DA NBR 9050:2015 NA UNIVERSIDADE FEDERAL DO MARANHÃO, UM ESTUDO DE CAMPO REALIZADO NOS PRÉDIOS: CCH, PAULO FREIRE, PRÉDIO DE CIÊNCIAS BIOLÓGICAS, BIBLIOTECA CENTRAL E RESTAURANTE UNIVERSITÁRIO",0
IMPORTÂNCIA DO COMPROMETIMENTO COM A ESTANQUEIDADE DE FACHADAS E EXIGÊNCIAS DE HABITABILIDADE: UM ESTUDO DE CASO DO HOSPITAL UNIVERSITÁRIO MATERNO INFANTIL,1
IMPORTÂNCIA DO COMPROMETIMENTO COM A ESTANQUEIDADE DE FACHADAS E EXIGÊNCIAS DE HABITABILIDADE: UM ESTUDO DE CASO DO HOSPITAL UNIVERSITÁRIO UNIDADE MATERNO INFANTIL (HUUMI).,1
FUNCIONAMENTO DE SISTEMAS FOTOVOLTAICOS E POTENCIAL DE APLICAÇÃO NO ESTADO DO MARANHÃO,1
"DIAGNÓSTICO DE GESTÃO DE RESÍDUOS SÓLIDOS NO PÁTIO NORTE SHOPPING, EM SÃO JOSÉ DE RIBAMAR - MA",5
LEITOR ACESSÍVEL: UMA PROPOSTA DE DISPOSITIVO PARA MEDIDAS DE MASSA EM AULAS PRÁTICAS DE QUÍMICA PARA PORTADORES DE DEFICIÊNCIA VISUAL,2
BIOCONSTRUÇÃO: HABITAÇÃO SUSTENTÁVEL DE ADOBE,1
UM AMBIENTE LUDIFICADO COLABORATIVO PARA RECOMENDAÇÃO E ACONSELHAMENTO ACADÊMICO: BICT ROOM,0
IMPORTÂNCIA DO COMPROMETIMENTO COM A ESTANQUEIDADE DE FACHADAS E EXIGÊNCIAS DE HABITABILIDADE: UM ESTUDO DE CASO DO HOSPITAL UNIVERSITÁRIO UNIDADE MATERNO INFANTIL (HUUMI),1
IDENTIFICAÇÃO DE CRISES EPILÉPTICAS USANDO SINAIS DE ELETROENCEFALOGRAMAS BASEADA EM MOMENTOS ESTATÍSTICOS,0
PROJETO DE BANCADA DE TESTES PARA MOTORES DA COMPETIÇÃO SAE AERODESIGN,3
SISTEMA DE AQUECIMENTO DE ÁGUA POR ENERGIA SOLAR: UMA AVALIAÇÃO DA VIABILIDADE ECONÔMICA PARA RESIDÊNCIAS POPULARES EM SÃO LUIS-MA,1
BIOCONSTRUÇÃO: HABITAÇÃO SUSTENTÁVEL DE ADOBE,0
ROBÓTICA EDUCACIONAL PARA MELHORAR O APRENDIZADO NO ENSINO MÉDIO,2
ROBÓTICA EDUCACIONAL PARA MELHORAR O APRENDIZADO NO ENSINO MÉDIO,2
ARBORIZAÇÃO URBANA: UMA REMEDIAÇÃO PARA A RESTAURAÇÃO CLIMÁTICA NO CAMPUS DA UNIVERSIDADE FEDERAL DO MARANHÃO,5
ENERGIA RENOVÁVEL FOTOVOLTAICA EM RESIDÊNCIAS E/OU EMPRESAS E SEUS IMPACTOS NA CIDADE DE SÃO LUÍS,5
ESTUDO COMPARATIVO DO DESEMPENHO TÉRMICO ENTRE TELHADO VERDE E COBERTURAS CONVENCIONAIS EM SÃO LUÍS COM SIMULAÇÃO EM BIM,6
MAPA DE RISCO: UM ESTUDO APLICADO NO PRÉDIO DE ODONTOLOGIA DA UNIVERSIDADE FEDERAL DO MARANHÃO/ UFMA- CAMPUS BACANGA,1
ANÁLISE DA NBR 15575:2013 _x0096_ EDIFICAÇÕES HABITACIONAIS _x0096_ DESEMPENHO COM ÊNFASE EM SEGURANÇA CONTRA INCENDIO: UM ESTUDO DE CASO EM SÃO LUÍS DO MARANHÃO,1
MECANISMO DE SEGURANÇA CIENTE DO CONTEXTO UTILIZANDO CRIPTOGRAFIA LIGHTWEIGHT,0
"ESTUDO INTRODUTÓRIO DE APLICAÇÕES DA ENERGIA SOLAR: SIMULADOR HR DE ESTRELAS, SÓIS ARTIFICIAIS E CÉLULAS SOLARES",1
RECURSO TECNÓLOGICO NA ENGENHARIA DE PRODUÇÃO: ANÁLISE DO USO DE LED_x0092_S EM EDIFICAÇÕES RESIDENCIAIS,1
VIABILIDADE TÉCNICA E ECONÔMICA DA IMPLANTAÇÃO DO SISTEMA DE CAPTAÇÃO DE ÁGUAS PLUVIAIS EM CASAS POPULARES NO MUNICÍPIO DE SÃO LUIS - MA,1
PROJETO DE BANCADA DE TESTES PARA MOTORES DA COMPETIÇÃO SAE AERODESIGN,2
ESTUDO COMPARATIVO DO DESEMPENHO TÉRMICO ENTRE TELHADO VERDE E COBERTURAS CONVENCIONAIS EM SÃO LUÍS COM SIMULAÇÃO EM BIM,6
COMPORTAMENTO MECÂNICO DO CONCRETO REFORÇADO COM MACROFIBRA ACRÍLICA,1
ANÁLISE DA GESTÃO DE RESÍDUOS DA CONSTRUÇÃO CIVIL NO MUNICÍPIO DE SÃO LUÍS,0
PROJETO DE BANCADA DE TESTES PARA MOTORES DA COMPETIÇÃO SAE AERODESIGN,3
APLICATIVO MÓVEL PARA TURISMO NO CENTRO HISTÓRICO DE SÃO LUÍS,0
CONFIGURAÇÕES AXIAIS DE SUPERFÍCIES IMERSAS EM R4,1
VIABILIDADE TÉCNICA E ECONÔMICA DA IMPLANTAÇÃO DO SISTEMA DE CAPTAÇÃO DE ÁGUAS PLUVIAIS EM CASAS POPULARES NO MUNICÍPIO DE SÃO LUIS - MA,1
AVALIAÇÃO DAS CONDIÇÕES DOS MATERIAIS DE CONSTRUÇÃO EM ÁREAS DE LAZER EM SÃO LUÍS: UM ESTUDO DE CASO DO ESPIGÃO COSTEIRO,1
"DEGRADAÇÃO DE RECURSOS HÍDRICOS: PROCESSOS DE ORDEM FÍSICA, QUÍMICA E BIOLÓGICA",5
"ANÁLISE DOS IMPACTOS SOCIOAMBIENTAIS DA CONSTRUÇÃO, OPERAÇÃO E MANUTENÇÃO DA BARRAGEM DO BACANGA NA CIDADE DE SÃO LUÍS - MA",1
ANÁLISE DOS PRINCIPAIS IMPACTOS DA NORMA BRASILEIRA DE DESEMPENHO DE EDIFICAÇÕES HABITACIONAIS EM SÃO LUÍS: CONCEPÇÃO DE PROJETOS E EXECUÇÃO,1
UMA SOLUÇÃO PARA MONITORAMENTO DE ESTACIONAMENTOS USANDO CROWDSENSING,0
"SÍNDROME DO EDIFÍCIO DOENTE COM RELAÇÃO AOS FATORES QUÍMICOS, FÍSICOS E BIOLÓGICOS: AVALIAÇÃO DO AMBIENTE INTERNO DE ALGUNS LABORATÓRIOS DE QUÍMICA DA UNIVERSIDADE FEDERAL DO MARANHÃO _x0096_ UFMA",5
UM APLICATIVO MÓVEL PARA AUXÍLIO NO PROCESSO DE APROVEITAMENTO DE ESTUDOS,0
DIMENSIONAMENTO DE UMA TURBINA EÓLICA UTILIZANDO O MÉTODO DO MOMENTO DO ELEMENTO DE PÁ (BEM),0
DIAGNÓSTICO DAS CONDIÇÕES DE SANEAMENTO BÁSICO NA COMUNIDADE QUILOMBOLA SANTA MARIA DOS PRETOS-ITAPECURU MIRIM/MA,5
MODELAGEM VIA REDES NEURAIS ARTIFICIAIS DE UM SISTEMA DE RASTREAMENTO DE POSIÇÃO ANGULAR DE UM AEROPÊNDULO MONOVARIÁVEL,3
CIRCUITOS EQUIVALENTES E ESPECTROSCOPIA DE IMPEDÂNCIA ELETROQUÍMICA PARA A ANÁLISE DE REVESTIMENTOS OBTIDOS DA OXIDAÇÃO DO ALUMÍNIO POR PLASMA ELETROLÍTICO,0
MÉTODOS DE RECICLAGEM DE EMBALAGENS PLÁSTICAS PRODUZIDAS EM POLIESTIRENO EXPANDIDO,0
ANÁLISE DOS EFEITOS TÉRMICOS NO PROCESSO DE SOLDAGEM DO AÇO 1030 POR ELETRODO REVESTIDO,3
RESUMOS ACADÊMICOS EM ENGENHARIA: COMO ESCREVEM OS PESQUISADORES,1
CONFIGURAÇÕES AXIAIS DE SUPERFÍCIES IMERSAS EM R4,2
AVALIAÇÃO DE SIMULAÇÕES DIGITAIS COMO OBJETO DE APRENDIZAGEM EM CINÉTICA QUÍMICA,0
ANÁLISE PRELIMINAR DOS RISCOS OCUPACIONAIS E DAS CONDIÇÕES DE TRABALHO NO RESTAURANTE UNIVERSITÁRIO DA UNIVERSIDADE FEDERAL DO MARANHÃO - CAMPUS BACANGA,1
AVALIAÇÃO DAS CONDIÇÕES DOS MATERIAIS DE CONSTRUÇÃO EM ÁREAS DE LAZER EM SÃO LUÍS: UM ESTUDO DE CASO DO ESPIGÃO COSTEIRO,1
ANÁLISE DA NBR 15575:2013 _x0096_ EDIFICAÇÕES HABITACIONAIS _x0096_ DESEMPENHO COM ÊNFASE EM SEGURANÇA CONTRA INCENDIO: UM ESTUDO DE CASO EM SÃO LUÍS DO MARANHÃO,1
BLOCO DE CONCRETO PARA CALÇAMENTO COM A ADIÇÃO DO PÓ DE PNEU,1
ANÁLISE PRELIMINAR DA VIABILIDADE TÉCNICA E AMBIENTAL PARA IMPLANTAÇÃO DE PARQUE EÓLICO NA REGIÃO DO CAMPO DE PERIZES - MA,5
UM APLICATIVO MÓVEL PARA AUXÍLIO NO PROCESSO DE APROVEITAMENTO DE ESTUDOS,3
UM APLICATIVO MÓVEL PARA AUXÍLIO NO PROCESSO DE APROVEITAMENTO DE ESTUDOS,1
RESUMOS ACADÊMICOS EM ENGENHARIA: COMO ESCREVEM OS PESQUISADORES,1
AVALIAÇÃO DAS CONDIÇÕES DOS MATERIAIS DE CONSTRUÇÃO EM ÁREAS DE LAZER EM SÃO LUÍS: UM ESTUDO DE CASO DO ESPIGÃO COSTEIRO,1
A EQUAÇÃO DE EINSTEIN DA GRAVITAÇÃO,0
ANÁLISE PRELIMINAR DOS RISCOS OCUPACIONAIS E DAS CONDIÇÕES DE TRABALHO NO RESTAURANTE UNIVERSITÁRIO DA UNIVERSIDADE FEDERAL DO MARANHÃO - CAMPUS BACANGA,0
MÉTODOS DE RECICLAGEM DE EMBALAGENS PLÁSTICAS PRODUZIDAS EM POLIESTIRENO EXPANDIDO,1
ESTUDO DA VIABILIDADE DO TIJOLO DE ADOBE COM FIBRAS DE COCO VERDE EM HABITAÇÕES DE BAIXO CUSTO,1
SISTEMA DE CARONA BASEADO EM REDE SOCIAL,2
ANÁLISE DA VIABILIDADE DE RESERVATÓRIO DE CONTENÇÃO DE CHEIAS E OS IMPACTOS DA URBANIZAÇÃO NO MUNICÍPIO DE IMPERATRIZ-MA,5
"SÍNDROME DO EDIFÍCIO DOENTE COM RELAÇÃO AOS FATORES QUÍMICOS, FÍSICOS E BIOLÓGICOS: AVALIAÇÃO DO AMBIENTE INTERNO DE ALGUNS LABORATÓRIOS DE QUÍMICA DA UNIVERSIDADE FEDERAL DO MARANHÃO _x0096_ UFMA",1
MAPA DE RISCO: UM ESTUDO APLICADO NO PRÉDIO DE ODONTOLOGIA DA UNIVERSIDADE FEDERAL DO MARANHÃO/ UFMA- CAMPUS BACANGA,1
VEDAÇÕES VERTICAIS ALTERNATIVAS: DRYWALL X BLOCOS DE CONCRETO,1
ELABORAÇÃO DE PROJETO DA CONSTRUÇÃO CIVIL: UM ESTUDO DE CASO COMPARATIVO DE PRODUTIVIDADE UTILIZANDO A METODOLOGIA BIM,1
APLICAÇÃO DE METODOLOGIAS ATIVAS NO BICT: ESTUDO DE CASO NA DISCIPLINA DE CÁLCULO DIFERENCIAL,2
ESTUDO DE OSCILADORES DE DUFFING,3
ACIDEZ DE SOLOS: VARIAÇÃO DE PH DO SOLO EM LOCALIDADES DE AGRICULTURA FAMILIAR NA ZONA RURAL DO MUNICÍPIO DE SÃO JOSÉ DE RIBAMAR _x0096_ MA.,0
ESTUDO DA AÇÃO DE TRATAMENTOS NA PROMOÇÃO DA ADERÊNCIA E DURABILIDADE DE FIBRAS DE BUCHA NATURAL EM COMPÓSITOS CIMENTÍCIOS,1
UMA SOLUÇÃO EXTENSÍVEL PARA EXTRAÇÃO DE DADOS PÚBLICOS PARA DADOS CONECTADOS,0
DIAGNÓSTICO AMBIENTAL EM UMA MARGEM DA ÁREA DE PROTEÇÃO AMBIENTAL DO ITAPIRACÓ LOCALIZADA EM SÃO LUÍS - MA,1
ANÁLISE DA DISTRIBUIÇÃO DE WEIBULL PARA GERAÇÃO EÓLICA COM BASE EM PARÂMETROS METEREOLÓGICOS DE SÃO LUÍS MA,1
UM AMBIENTE LUDIFICADO COLABORATIVO PARA RECOMENDAÇÃO E ACONSELHAMENTO ACADÊMICO: BICT ROOM,2
SISTEMA DE LOCALIZAÇÃO DE INDIVÍDUOS EM AMBIENTES INDOOR BASEADO EM IDENTIFICAÇÃO POR RADIOFREQUÊNCIA E INTERNET DAS COISAS,2
UM AMBIENTE VIRTUAL DE PRÁTICAS DE LABORATÓRIO VOLTADO AO ENSINO DE COMPUTAÇÃO - GREAT LABS,2
VIABILIDADE TÉCNICA E ECONÔMICA DA IMPLANTAÇÃO DO SISTEMA DE CAPTAÇÃO DE ÁGUAS PLUVIAIS EM CASAS POPULARES NO MUNICÍPIO DE SÃO LUIS - MA,1
MECANISMO DE SEGURANÇA CIENTE DO CONTEXTO UTILIZANDO CRIPTOGRAFIA LIGHTWEIGHT,2
DIAGNÓSTICO AMBIENTAL EM UMA MARGEM DA ÁREA DE PROTEÇÃO AMBIENTAL DO ITAPIRACÓ LOCALIZADA EM SÃO LUÍS - MA,5
DESENVOLVIMENTO DE UM SISTEMA DE MONITORAMENTO E CONTROLE CLIMÁTICO DE DATA CENTER BASEADO EM INTERNET DAS COISAS,0
DESENVOVIMENTO DE APLICATIVO PARA SMARTPHONE: CONTROLE DE COMANDOS ELETRÔNICOS EM AUTOMÓVEIS _x0096_ APLICATIVO CAR SYSTEM,0
DESENVOVIMENTO DE APLICATIVO PARA SMARTPHONE: CONTROLE DE COMANDOS ELETRÔNICOS EM AUTOMÓVEIS _x0096_ APLICATIVO CAR SYSTEM,0
DESENVOLVIMENTO DE UM SISTEMA DE MONITORAMENTO E CONTROLE CLIMÁTICO DE DATA CENTER BASEADO EM INTERNET DAS COISAS,0
GERENCIAMENTO DOS RESÍDUOS DA CONSTRUÇÃO CIVIL NOS CANTEIROS DE OBRAS DA CIDADE DE SÃO LUÍS - MA: UM ESTUDO DE CASO,1
ACIDEZ DE SOLOS: VARIAÇÃO DE PH DO SOLO EM LOCALIDADES DE AGRICULTURA FAMILIAR NA ZONA RURAL DO MUNICÍPIO DE SÃO JOSÉ DE RIBAMAR _x0096_ MA,1
ACIDEZ DE SOLOS: VARIAÇÃO DE PH DO SOLO EM LOCALIDADES DE AGRICULTURA FAMILIAR NA ZONA RURAL DO MUNICÍPIO DE SÃO JOSÉ DE RIBAMAR _x0096_ MA.,1
ACESSIBILIDADE NO CENTRO HISTÓRICO DE SÃO LUÍS/MA À LUZ DA NBR 9050:2015,0
O PROCESSO DE REABILITAÇÃO DO SOBRADO SILVA & MAIA PARA INSTALAÇÃO DO MUSEU DO REGGAE EM SÃO LUÍS-MA: UM CASO DE REVITALIZAÇÃO COM VALORES SOCIOCULTURAL E ECONÔMICO,1
ANÁLISE DOS PRINCIPAIS IMPACTOS DA NORMA BRASILEIRA DE DESEMPENHO DE EDIFICAÇÕES HABITACIONAIS EM SÃO LUÍS: CONCEPÇÃO DE PROJETOS E EXECUÇÃO,1
MOBILIDADE DE PEDESTRES EM SÃO LUÍS-MA: DIAGNÓSTICO E PERCEPÇÕES DE UTILIZADORES E GESTORES,1
UMA PLATAFORMA COLABORATIVA PARA COMPARTILHAMENTO DE LIVROS OCIOSOS,0
CIRCUITOS EQUIVALENTES E ESPECTROSCOPIA DE IMPEDÂNCIA ELETROQUÍMICA PARA A ANÁLISE DE REVESTIMENTOS OBTIDOS DA OXIDAÇÃO DO ALUMÍNIO POR PLASMA ELETROLÍTICO,3
ANÁLISE DA VIABILIDADE DE RESERVATÓRIO DE CONTENÇÃO DE CHEIAS E OS IMPACTOS DA URBANIZAÇÃO NO MUNICÍPIO DE IMPERATRIZ-MA,5
"ENERGIA RENOVÁVEL FOTOVOLTAICA EM RESIDÊNCIAS E/OU EMPRESAS E SEUS IMPACTOS NA CIDADE DE SÃO LUÍS,",0
VIABILIDADE DA INSTALAÇÃO DE SISTEMAS DE APROVEITAMENTO DE ÁGUA DE CHUVA EM SÃO LUÍS - MA,1
"DIAGNÓSTICO AMBIENTAL E SANITÁRIO PRELIMINAR DA NASCENTE DO RIO ANIL, SÃO LUÍS, MA, BRASIL.",0
ANÁLISE DA INFLUÊNCIA DA ORIENTAÇÃO DE IMPRESSÃO 3D NA RESISTÊNCIA À TRAÇÃO DE OBJETOS IMPRESSOS EM PETG VIA FDM,0
"UM DIAGNÓSTICO DOS IMPACTOS AMBIENTAIS E O MANEJO DOS RESÍDUOS ""CLASSE D"" NAS OBRAS DE SÃO LUÍS MA.",1
MÉTODOS DE PREVENÇÃO DA COVID-19 VISANDO O RETORNO DAS AULAS PRESENCIAIS EM INSTITUIÇÃO DE ENSINO SUPERIOR,2
RELAÇÃO DO SANEAMENTO BÁSICO COM A SAÚDE PÚBLICA NO MUNICÍPIO DE SÃO LUÍS - MA,1
ANÁLISE COMPARATIVA DA GESTÃO DE RESÍDUOS NAS EMPRESAS DE CONSTRUÇÃO CIVIL DO MUNICÍPIO DE SÃO LUÍS-MA,0
SOLUÇÕES ELÍPTICAS PARA A EQUAÇÃO DE GROSS-PITAEVSKII COM INTERAÇÃO DO TIPO DELTA DE DIRAC,4
ANÁLISE DO MÉTODO DE ELEMENTO ESPECTRAL EM BARRAS DE CRISTAL FONÔNICO,3
PATOLOGIAS EM PONTES DE CONCRETO ARMADO DA REGIÃO NORDESTE: UMA REVISÃO SISTEMÁTICA DA LITERATURA,1
FONTES DE ENERGIA RENOVÁVEIS: UMA ABORDAGEM SOBRE FONTES FOTOVOLTAICAS E PIEZOELÉTRICAS,3
USO DE ADITIVOS PARA MELHORAR A RESISTÊNCIA MECÂNICA DO CONCRETO FEITO COM PNEUMÁTICOS INSERVÍVEIS,1
RELAÇÃO DO SANEAMENTO BÁSICO COM A SAÚDE PÚBLICA NO MUNICÍPIO DE SÃO LUÍS - MA,1
IDENTIFICANDO E DISPONIBILIZANDO TÉCNICAS DE GAMIFICAÇÃO PARA O ENSINO DE ENGENHARIA DE SOFTWARE,0
UM MODELO DE ADAPTAÇÃO DE INTERFACE BASEADO EM ESTILOS DE APRENDIZAGEM,2
"UM DIAGNÓSTICO DOS IMPACTOS AMBIENTAIS E O MANEJO DOS RESÍDUOS ""CLASSE D"" NAS OBRAS DE SÃO LUÍS MA.",0
MÉTODOS DE RECICLAGEM DE EMBALAGENS PLÁSTICAS PRODUZIDAS EM POLIESTIRENO EXPANDIDO,1
NO PLAY NO GAIN: ESTUDO DO DESENVOLVIMENTO DE SOFT SKILLS NOS ESPORTES ELETRÔNICOS (E-SPORTS),0
OPEN CAMPUS MAP: UM SERVIÇO BASEADO EM LOCALIZAÇÃO PARA A UNIVERSIDADE FEDERAL DO MARANHÃO,2
ANÁLISE DOS IMPACTOS CAUSADOS PELA PRECIPITAÇÃO PLUVIOMÉTRICA NA CIDADE DE SÃO LUÍS-MA,5
ALTERNATIVAS DE APLICAÇÕES DO LODO DE ESTAÇÕES DE TRATAMENTO DE ÁGUA E ESGOTO: UMA REVISÃO BIBLIOGRÁFICA,5
MÉTODOS DE PREVENÇÃO DA COVID-19 VISANDO O RETORNO DAS AULAS PRESENCIAIS EM INSTITUIÇÃO DE ENSINO SUPERIOR,4
ROBÔS NA CONSTRUÇÃO CIVIL,1
EVASÃO ACADÊMICA NO CURSO DE BICT: UM ESTUDO UTILIZANDO APRENDIZAGEM DE MÁQUINA,2
ESTUDO COMPARATIVO DO DESEMPENHO TÉRMICO ENTRE TELHADO VERDE E COBERTURAS CONVENCIONAIS EM SÃO LUÍS COM SIMULAÇÃO EM BIM,1
"DIMENSIONAMENTO, DIAGRAMA E OPERAÇÃO DO SISTEMA PRESSURIZADO DOS TANQUES DE UM ESTÁGIO A PROPELENTE LÍQUIDO PARA COMPORTAR UM MOTOR FOGUETE DE 25 KN EM VEÍCULO ORBITAL",2
ANÁLISE DOS IMPACTOS CAUSADOS PELA PRECIPITAÇÃO PLUVIOMÉTRICA NA CIDADE DE SÃO LUÍS-MA,1
MÉTODOS DE PREVENÇÃO DA COVID-19 VISANDO O RETORNO DAS AULAS PRESENCIAIS EM INSTITUIÇÃO DE ENSINO SUPERIOR,2
ANÁLISE COMPARATIVA DA GESTÃO DE RESÍDUOS NAS EMPRESAS DE CONSTRUÇÃO CIVIL DO MUNICÍPIO DE SÃO LUÍS-MA.,1
REENGENHARIA DE UMA SONDA ESTRATOSFÉRICA PARA USO EM APLICAÇÕES AEROESPACIAIS: PROJETO DE UM MÓDULO-SENSOR PARA MEDIÇÕES DA CONCENTRAÇÃO DE GASES.,0
OPEN CAMPUS MAP: UM SERVIÇO BASEADO EM LOCALIZAÇÃO PARA A UNIVERSIDADE FEDERAL DO MARANHÃO,0
"DIMENSIONAMENTO, DIAGRAMA E OPERAÇÃO DO SISTEMA PRESSURIZADO DOS TANQUES DE UM ESTÁGIO A PROPELENTE LÍQUIDO PARA COMPORTAR UM MOTOR FOGUETE DE 25 KN EM VEÍCULO ORBITAL",4
ROBÔS NA CONSTRUÇÃO CIVIL,1
"DIMENSIONAMENTO, DIAGRAMA E OPERAÇÃO DO SISTEMA PRESSURIZADO DOS TANQUES DE UM ESTÁGIO A PROPELENTE LÍQUIDO PARA COMPORTAR UM MOTOR FOGUETE DE 25 KN EM VEÍCULO ORBITAL",2
PROTÓTIPO DE SISTEMA DE VISUALIZAÇÃO TRIDIMENSIONAL DE PROJETOS DE CONSTRUÇÃO CIVIL PARA MANUTENÇÃO DE EDIFICAÇÕES _x0096_ APLICAÇÃO FIXCAN,1
AVALIAÇÃO DA VIABILIDADE ECONÔMICA E AMBIENTAL DA RECICLAGEM DO RESÍDUO DE BAUXITA NA CONSTRUÇÃO CIVIL,3
MÉTODOS DE RECICLAGEM DE EMBALAGENS PLÁSTICAS PRODUZIDAS EM POLIESTIRENO EXPANDIDO,1
UMA PLATAFORMA COLABORATIVA PARA COMPARTILHAMENTO DE LIVROS OCIOSOS,2
ANÁLISE DO CONTROLE DE QUALIDADE DO CONCRETO EM ALGUMAS FÁBRICAS DE CONCRETO PRÉ-MOLDADO NA CIDADE DE SÃO LUÍS-MA,1
ANÁLISE DA GESTÃO DE RESÍDUOS DA CONSTRUÇÃO CIVIL NO MUNICÍPIO DE SÃO LUÍS,1
APLICAÇÃO DE METODOLOGIAS ATIVAS NO BICT:ESTUDO DE CASO NA DISCIPLINA DE CÁLCULO DIFERENCIAL,1
AVALIAÇÃO DA VIABILIDADE ECONÔMICA E AMBIENTAL DA RECICLAGEM DO RESÍDUO DE BAUXITA NA CONSTRUÇÃO CIVIL,5
AVALIAÇÃO NORMATIVA DE BLOCOS CERÂMICOS: UM ESTUDO DE CASO NA CIDADE DE SÃO LUÍS/MA,1
AVALIAÇÃO NORMATIVA DE BLOCOS CERÂMICOS: UM ESTUDO DE CASO NA CIDADE DE SÃO LUÍS/MA,1
OPEN CAMPUS MAP: UM SERVIÇO BASEADO EM LOCALIZAÇÃO PARA A UNIVERSIDADE FEDERAL DO MARANHÃO,0
RELAÇÃO DO SANEAMENTO BÁSICO COM A SAÚDE PÚBLICA NO MUNICÍPIO DE SÃO LUÍS - MA,1
ANÁLISE DO CONTROLE DE QUALIDADE DO CONCRETO EM ALGUMAS FÁBRICAS DE CONCRETO PRÉ-MOLDADO NA CIDADE DE SÃO LUÍS-MA,1
UMA BUSCA DA MINIMIZAÇÃO DOS RISCOS À SAÚDE DO PRÁTICO DURANTE O PROCESSO DE EMBARQUE E DESEMBARQUE,6
USO DE ADITIVOS PARA MELHORAR A RESISTENCIA MECÂNICA DO CONCRETO FEITO COM PNEUMÁTICOS INSERVÍVEIS.,0
USO DE ADITIVOS PARA MELHORAR A RESITÊNCIA MECÂNICA DO CONCRETO FEITO COM PNEUMÁTICOS INSERVÍVEIS,0
USO DA MECÂNICA LAGRANGIANA NO ESTUDO DE UMA VIGA HOMOGÊNEA BIENGASTADA,6
INTEROPERABILIDADE BASEADA EM ARQUIVOS IFC DE PROJETOS DE ESTRUTURAS DE CONCRETO ARMADO: IMPACTOS NO FLUXO DE PROJETOS,0
INTEROPERABILIDADE BASEADA EM ARQUIVOS IFC DE PROJETOS DE ESTRUTURAS DE CONCRETO ARMADO: IMPACTOS NO FLUXO DE PROJETOS,0
IDENTIFICANDO E DISPONIBILIZANDO TÉCNICAS DE GAMIFICAÇÃO PARA O ENSINO DE ENGENHARIA DE SOFTWARE,2
ANÁLISE DOS IMPACTOS CAUSADOS PELA PRECIPITAÇÃO PLUVIOMÉTRICA NA CIDADE DE SÃO LUÍS-MA,1
ANÁLISE DO MÉTODO DE ELEMENTO ESPECTRAL EM BARRAS DE CRISTAL FONÔNICO,3
VAZÃO ECOLÓGICA E DISPONIBILIDADE HÍDRICA PARA A BACIA DO RIO MEARIM (MA).,1
AVALIAÇÃO NORMATIVA DE BLOCOS CERÂMICOS: UM ESTUDO DE CASO NA CIDADE DE SÃO LUÍS/MA,2
O MÉTODO DA BISSECÇÃO E DA POSIÇÃO FALSA,0
PROPOSTA DE REDESIGN DO SISTEMA INTEGRADO DE GESTÃO DE ATIVIDADES ACADÊMICAS (SIGAA) APLICANDO CONCEITOS DE UX DESIGN,0
INVESTIGAÇÃO DAS PROPRIEDADES FOTOCATALÍTICAS DE HETEROJUNÇÕES DE BIOX/MWO4 NA FOTODEGRADAÇÃO DE RHB,5
USO DA BORRACHA PROVENIENTES DE PNEUS INSERVÍVEIS NA PAVIMENTAÇÃO: UMA ANÁLISE DAS VANTAGENS ECONÔMICAS E AMBIENTAIS,1
"FLASHBOX: UMA FERRAMENTA EDUCACIONAL GAMIFICADA, COLABORATIVA E ACESSÍVEL PARA PRÁTICA E FIXAÇÃO DE CONTEÚDOS",0
EZY FILE: UMA FERRAMENTA WEB PARA O ARMAZENAMENTO E CONSULTA DE DOCUMENTOS ESCOLARES DE GUARDA PERMANENTE,2
ACADEMICTRACKER: UMA REDE SOCIAL COM FOCO EM ALUNOS DE GRADUAÇÃO,2
ANÁLISE DE PROCESSOS DA TECNOLOGIA DA INFORMAÇÃO DE UMA MINERADORA BASEADO NO MPS.BR-SV,0
POTENCIAL ENERGÉTICO DO METANO ESTIMADO A PARTIR DOS RESÍDUOS ORGÂNICOS GERADOS NA CEASA DO MUNICÍPIO DE SÃO LUÍS/MA,5
AVALIAÇÃO DA PRESTAÇÃO DOS SERVIÇOS DE ÁGUA E ESGOTO EM SÃO LUÍS - MA,1
ACADEMICTRACKER: UMA REDE SOCIAL COM FOCO EM ALUNOS DE GRADUAÇÃO,2
"LOGÍSTICA REVERSA DE RESÍDUOS DE FÁRMACOS EM FARMÁCIAS DE PEQUENO PORTE, EM SÃO LUÍS/MA: ESTUDO DE CASO",0
PROJETO E DIMENSIONAMENTO DE UM CASTELO D_x0092_ÁGUA DE ACORDO COM A NORMA ABNT NBR 8800:2008.,3
GERENCIAMENTO DE PORTFÓLIO POR OTIMIZAÇÃO DE RISCO E ÍNDICE SHARPE,0
MODELO DE BOMBA TANQUE PARA VEÍCULOS DO CORPO DE BOMBEIROS FOCADA NA PROTEÇÃO E COMBATE A INCÊNDIO FLORESTAL,0
PAVIMENTAÇÃO SOLAR NO LITORAL DE SÃO LUÍS,1
DESENVOLVIMENTO DE UM CURSO TÉORICO-PRÁTICO DE MANUFATURA ADITIVA PARA DISCENTES DA UFMA,3
A USABILIDADE DE NANOCOMPÓSITOS DE GRAFENO EM RESINA EPÓXI PARA TRATAMENTO DE FISSURAS: UMA REVISÃO BIBLIOGRÁFICA,1
EZY FILE: UMA FERRAMENTA WEB PARA O ARMAZENAMENTO E CONSULTA DE DOCUMENTOS ESCOLARES DE GUARDA PERMANENTE,4
ENERGIAS RENOVÁVEIS: PROPOSTA DE ENERGIA MAREMOTRIZ PARA O CENTRO ESPACIAL DE ALCÂNTARA,1
MONITORAMENTO DE VAZAMENTO DE ÓLEO EM NAVIOS POR MEIO DE DRONES NA BAÍA DE SÃO MARCOS,1
MANIFESTAÇÕES PATÓLOGICAS EM ESTRUTURAS DE CONCRETO E AÇO. ESTUDO DE CASO DO CAIS DO TERMINAL HIDROVIÁRIO DE ALCÂNTARA- MA,1
TECNOLOGIA DE DRONES PARA INSPEÇÃO E MONITORAMENTO EM CONSTRUÇÃO CIVIL,0
VOZES QUE (SOBRE)VIVEM NAS PALAFITAS: PERCEPÇÃO AMBIENTAL DOS MORADORES DO BAIRRO CAMPINA EM SÃO JOSÉ DE RIBAMAR - MA,5
USO DA BORRACHA PROVENIENTES DE PNEUS INSERVÍVEIS NA PAVIMENTAÇÃO: UMA ANÁLISE DAS VANTAGENS ECONÔMICAS E AMBIENTAIS,1
DIVULGAÇÃO CIENTÍFICA: AS ATIVIDADES DO LABORATÓRIO DE DIVULGAÇÃO CIENTÍFICA ILHA DA CIÊNCIA NO CENÁRIO DE PANDEMIA,5
DIVULGAÇÃO CIENTÍFICA: AS ATIVIDADES DO LABORATÓRIO DE DIVULGAÇÃO CIENTÍFICA ILHA DA CIÊNCIA NO CENÁRIO DE PANDEMIA,5
DIVULGAÇÃO CIENTÍFICA: AS ATIVIDADES DO LABORATÓRIO DE DIVULGAÇÃO CIENTÍFICA ILHA DA CIÊNCIA NO CENÁRIO DE PANDEMIA,5
DESENVOLVIMENTO DE UM CURSO TÉORICO-PRÁTICO DE MANUFATURA ADITIVA PARA DISCENTES DA UFMA,3
SIMULAÇÃO TÉRMICA DO COMPARTIMENTO DE CARGA ÚTIL DE UM BALÃO ATMOSFÉRICO DE ALTA ALTITUDE,4
SIMULAÇÃO TÉRMICA DO COMPARTIMENTO DE CARGA ÚTIL DE UM BALÃO ATMOSFÉRICO DE ALTA ALTITUDE,4
ALGORITMOS DE SUMARIZAÇÃO AUTOMÁTICA EXTRATIVA: UM ESTUDO COMPARATIVO,0
PATOLOGIAS EM ESTRUTURAS DE CONCRETO ARMADO: ESTUDO DE CASO NO PRÉDIO DO CENTRO DE ESTUDOS BÁSICOS (CEB VELHO - UFMA),1
ALGORITMOS DE SUMARIZAÇÃO AUTOMÁTICA EXTRATIVA: UM ESTUDO COMPARATIVO,2
MODELO DE BOMBA TANQUE PARA VEÍCULOS DO CORPO DE BOMBEIROS FOCADA NA PROTEÇÃO E COMBATE A INCÊNDIO FLORESTAL,0
DESENVOLVIMENTO DE FERRAMENTAS COMPUTACIONAIS PARA DOSAGEM DE CONCRETO,1
A USABILIDADE DE NANOCOMPÓSITOS DE GRAFENO EM RESINA EPÓXI PARA TRATAMENTO DE FISSURAS: UMA REVISÃO BIBLIOGRÁFICA,1
POTENCIAL ENERGÉTICO DO METANO ESTIMADO A PARTIR DOS RESÍDUOS ORGÂNICOS GERADOS NA CEASA DO MUNICÍPIO DE SÃO LUÍS/MA,1
UMA PROPOSTA DE USO DE SISTEMA ESPECIALISTA NO APRENDIZADO DE LEGISLAÇÃO,0
VOZES QUE (SOBRE)VIVEM NAS PALAFITAS: PERCEPÇÃO AMBIENTAL DOS MORADORES DO BAIRRO CAMPINA EM SÃO JOSÉ DE RIBAMAR - MA,1
PAVIMENTAÇÃO PIEZOELÉTRICA PARA GERAÇÃO DE ENERGIA ELÉTRICA EM AVENIDAS DE SÃO LUÍS,2
DIVULGAÇÃO CIENTÍFICA: AS ATIVIDADES DO LABORATÓRIO DE DIVULGAÇÃO CIENTÍFICA ILHA DA CIÊNCIA NO CENÁRIO DE PANDEMI,1
DIVULGAÇÃO CIENTÍFICA: AS ATIVIDADES DO LABORATÓRIO DE DIVULGAÇÃO CIENTÍFICA ILHA DA CIÊNCIA NO CENÁRIO DE PANDEMIA,0
DIVULGAÇÃO CIENTÍFICA: AS ATIVIDADES DO LABORATÓRIO DE DIVULGAÇÃO CIENTÍFICA ILHA DA CIÊNCIA NO CENÁRIO DE PANDEMIA,0
SIMULAÇÃO TÉRMICA DO COMPARTIMENTO DE CARGA ÚTIL DE UM BALÃO ATMOSFÉRICO DE ALTA ALTITUDE,4
"LOGÍSTICA REVERSA DE RESÍDUOS DE FÁRMACOS EM FARMÁCIAS DE PEQUENO PORTE, EM SÃO LUÍS/MA: ESTUDO DE CASO",5
"FLASHBOX: UMA FERRAMENTA EDUCACIONAL GAMIFICADA, COLABORATIVA E ACESSÍVEL PARA PRÁTICA E FIXAÇÃO DE CONTEÚDOS",0
MONITORAMENTO DE VAZAMENTO DE ÓLEO EM NAVIOS POR MEIO DE DRONES NA BAÍA DE SÃO MARCOS,5
PAVIMENTAÇÃO SOLAR NO LITORAL DE SÃO LUÍS,1
INVESTIGAÇÃO DAS PROPRIEDADES FOTOCATALÍTICAS DE HETEROJUNÇÕES DE BIOX/MWO4 NA FOTODEGRADAÇÃO DE RHB,5
ANÁLISE DE VIABILIDADE TÉCNICO/ECONÔMICA DE INSTALAÇÃO FOTOVOLTAICA NO RESTAURANTE UNIVERSITÁRIO DA UNIVERSIDADE FEDERAL DO MARANHÃO,1
DIMENSIONAMENTO E SIMULAÇÃO DE UM ROTOR DE UMA TURBINA HIDRÁULICA DO TIPO FRANCIS SEGUNDO O MÉTODO DE BOVET,3
PANORAMA DO USO DE ENERGIAS RENOVÁVEIS NO NORDESTE BRASILEIRO: UMA REVISÃO BIBLIOGRÁFICA,3
COMPUTAÇÃO NA EDUCAÇÃO BÁSICA E PAULO FREIRE: SIGNIFICAÇÃO ENTRE O EIXO DE CULTURA DIGITAL E CONCEITOS DA PEDAGOGIA DO OPRIMIDO.,2
INTERNET DAS COISAS PARA IRRIGAÇÃO DE PRECISÃO: UMA SOLUÇÃO PARA PRODUTORES LOCAIS E CULTIVO RESIDENCIAL,2
MATERIAIS AVANÇADOS PARA CONDIÇÕES CRÍTICAS AEROESPACIAIS,3
PATOLOGIAS EM ESTRUTURAS DE CONCRETO ARMADO: ESTUDO DE CASO NO PRÉDIO DO CENTRO DE ESTUDOS BÁSICOS (CEB VELHO - UFMA),1
INTERNET DAS COISAS PARA IRRIGAÇÃO DE PRECISÃO: UMA SOLUÇÃO PARA PRODUTORES LOCAIS E CULTIVO RESIDENCIAL,2
AÇÃO DA SEGURANÇA DO TRABALHO NO RETORNO DAS AULAS PRESENCIAIS NO CENTRO DE ENSINO PEDAGÓGICO PAULO FREIRE _x0096_ UFMA EM TEMPOS DE PANDEMIA.,1
ANÁLISE DO IMPACTO DA IMPLANTAÇÃO DA METODOLOGIA BIM EM EMPRESAS DE CONSTRUÇÃO CIVIL: ESTUDO DE CASO,0
AÇÃO DA SEGURANÇA DO TRABALHO NO RETORNO DAS AULAS PRESENCIAIS NO CENTRO DE ENSINO PEDAGÓGICO PAULO FREIRE _x0096_ UFMA EM TEMPOS DE PANDEMIA.,1
ANÁLISE DE VIABILIDADE TÉCNICO/ECONÔMICA DE INSTALAÇÃO FOTOVOLTAICA NO RESTAURANTE UNIVERSITÁRIO DA UNIVERSIDADE FEDERAL DO MARANHÃO,6
MONITORAMENTO DE VAZAMENTO DE ÓLEO EM NAVIOS POR MEIO DE DRONES NA BAÍA DE SÃO MARCOS,1
PATOLOGIAS EM ESTRUTURAS DE CONCRETO ARMADO: ESTUDO DE CASO NO PRÉDIO DO CENTRO DE ESTUDOS BÁSICOS (CEB VELHO - UFMA),6
INTEGRAÇÃO E COMUNICAÇÃO DO EAT COM SISTEMAS EXTERNOS DE MONITORAMENTO E GESTÃO DE TRENS,2
UMA PROPOSTA DE USO DE SISTEMA ESPECIALISTA NO APRENDIZADO DE LEGISLAÇÃO,0
AVALIAÇÃO DA PRESTAÇÃO DOS SERVIÇOS DE ÁGUA E ESGOTO EM SÃO LUÍS - MA,1
UMA ANÁLISE TEÓRICA DE MODELOS DE TESTES DE SOFTWARE PARA DESENVOLVIMENTO DE SISTEMAS IOT E CIDADES INTELIGENTES,2
DESENVOLVIMENTO DE FERRAMENTAS COMPUTACIONAIS PARA DOSAGEM DE CONCRETOT,1
PANORAMA DO USO DE ENERGIAS RENOVÁVEIS NO NORDESTE BRASILEIRO: UMA REVISÃO BIBLIOGRÁFICA,0
PANORAMA DO USO DE ENERGIAS RENOVÁVEIS NO NORDESTE BRASILEIRO: UMA REVISÃO BIBLIOGRÁFICA,5
APLICAÇÃO DE METODOLOGIA CENTRADA NO USUÁRIO NO DESENVOLVIMENTO DE UM APLICATIVO DE GESTÃO DE ATENDIMENTO,2
AÇÃO DA SEGURANÇA DO TRABALHO NO RETORNO DAS AULAS PRESENCIAIS NO CENTRO DE ENSINO PEDAGÓGICO PAULO FREIRE _x0096_ UFMA EM TEMPOS DE PANDEMIA.,1
POTENCIAL ENERGÉTICO DO METANO ESTIMADO A PARTIR DOS RESÍDUOS ORGÂNICOS GERADOS NA CEASA DO MUNICÍPIO DE SÃO LUÍS/MA,1
ANÁLISE DE VIABILIDADE TÉCNICO/ECONÔMICA DE INSTALAÇÃO FOTOVOLTAICA NO RESTAURANTE UNIVERSITÁRIO DA UNIVERSIDADE FEDERAL DO MARANHÃO,1
GERENCIAMENTO DOS RESÍDUOS DA CONSTRUÇÃO CIVIL NOS CANTEIROS DE OBRAS DA CIDADE DE SÃO LUÍS - MA: UM ESTUDO DE CASO,1
ANÁLISE E IMPUTAÇÃO DE DADOS NO SISTEMA DE INFORMAÇÃO DE SAÚDE,1
PROTÓTIPO DE UM SISTEMA DE COLETA DE DADOS AMBIENTAIS BASEADO EM TECNOLOGIA LORA PARA APLICAÇÕES ESPACIAIS,4
ALGUNS MÉTODOS ITERATIVOS PARA RESOLUÇÃO DE EQUAÇÕES NÃO LINEARES,0
PREDIÇÃO DOS PREÇOS DE FECHAMENTO DE AÇÕES DO MERCADO DE AÇÕES BRASILEIRO USANDO APRENDIZADO DE MÁQUINA,2
ESTUDO PARA DESENVOLVIMENTO SEGURO EM APLICAÇÕES WEB COM A LINGUAGEM PHP: USO DE CRIPTOGRAFIA (TLS) E PROTEÇÃO A ATAQUES SQL INJECTION,2
ANÁLISE E IMPUTAÇÃO DE DADOS NO SISTEMA DE INFORMAÇÃO DE SAÚDE,1
DIFERENCIABILIDADE DE FUNÇÕES,1
CLASSIFICAÇÃO DE NÓDULOS MAMÁRIOS USANDO VISÃO COMPUTACIONAL E DEEP LEARNING,2
ANÁLISE E IMPUTAÇÃO DE DADOS NO SISTEMA DE INFORMAÇÃO DE SAÚDE,1
"SUSTENTABILIDADE NA CONSTRUÇÃO CIVIL: ESTUDO DE CASO E ANÁLISE COMPARATIVA DE CERTIFICAÇÕES LEED, AQUA-HQE E CASA AZUL EM EMPREENDIMENTO DE SÃO LUÍS-MA.",0
AVALIAÇÃO DE VIABILIDADE DE CUBESAT IMPULSIONADO POR PROPULSÃO IÔNICA PARA MISSÃO LUNAR,4
"O IMPACTO DAS LESÕES NAS EDIFICAÇÕES:UM ENFOQUE NA MITIGAÇÃO DESSES PROBLEMAS A PARTIR DE VISTORIAS, INSPEÇÕES E FISCALIZAÇÕES",1
PROPAGAÇÃO DE ONDAS EM UMA ESTRUTURA UNIDIMENSIONAL COM PATCHES PIEZOELÉTRICOS PERIÓDICOS,3
ENGENHARIA DE TRÁFEGO: UMA PROPOSTA DE SINALIZAÇÃO PARA AS VIAS DA CIDADE UNIVERSITÁRIA DOM DELGADO,1
MANTA CASEIRA DE FIBRAS DE COCO: UMA PROPOSTA DE BIOENGENHARIA DE SOLOS.,1
JORNADA QUÍMICA GENIAL: UM JOGO SÉRIO PARA O ENSINO DA TABELA PERIÓDICA E SEUS ELEMENTOS,0
A SEÇÃO METODOLÓGICA NOS ARTIGOS CIENTÍFICOS DA ENGENHARIA,2
ANÁLISE DA GESTÃO E DO GERENCIAMENTO MUNICIPAL DOS RESÍDUOS DA CONSTRUÇÃO CIVIL DO CENTRO AMBIENTAL DA RIBEIRA EM SÃO LUÍS - MA,1
ANÁLISE LOGÍSTICA E AMBIENTAL DO TRANSPORTE DE RESÍDUO DE BAUXITA PARA REAPROVEITAMENTO NAS PRINCIPAIS INDÚSTRIAS CIMENTÍCIAS E SIDERÚRGICAS.,1
LÓGICA E HUMANIDADE NA MÁQUINA UNIVERSAL DE ALAN TURING,0
PROTÓTIPO DE UM SISTEMA DE COLETA DE DADOS AMBIENTAIS BASEADO EM TECNOLOGIA LORA PARA APLICAÇÕES ESPACIAIS,4
ESTUDO COMPARATIVO ENTRE ENGENHARIA SIMULTÂNEA E ENGENHARIA SEQUENCIAL NA CONSTRUÇÃO CIVIL: ESTUDO DE CASO DE UMA OBRA PENITENCIÁRIA DO MARANHÃO,1
ESTUDO COMPARATIVO ENTRE ENGENHARIA SIMULTÂNEA E ENGENHARIA SEQUENCIAL NA CONSTRUÇÃO CIVIL: ESTUDO DE CASO DE UMA OBRA PENITENCIÁRIA DO MARANHÃO,1
ESTUDO PARA DESENVOLVIMENTO SEGURO EM APLICAÇÕES WEB COM A LINGUAGEM PHP: USO DE CRIPTOGRAFIA (TLS) E PROTEÇÃO A ATAQUES SQL INJECTION,2
USO DO DESIGN THINKING COMO FERRAMENTA PARA A GERAÇÃO DE SOLUÇÕES INOVADORAS PARA O MARKETING DE MICRO E PEQUENAS EMPRESAS,0
ANÁLISE DA GESTÃO E DO GERENCIAMENTO MUNICIPAL DOS RESÍDUOS DA CONSTRUÇÃO CIVIL DO CENTRO AMBIENTAL DA RIBEIRA EM SÃO LUÍS - MA,5
ENGENHARIA DE TRÁFEGO: UMA PROPOSTA DE SINALIZAÇÃO PARA AS VIAS DA CIDADE UNIVERSITÁRIA DOM DELGADO,1
PROTÓTIPO DE UM SISTEMA DE COLETA DE DADOS AMBIENTAIS BASEADO EM TECNOLOGIA LORA PARA APLICAÇÕES ESPACIAIS,4
OS IMPACTOS DA FERROVIA NA EXPORTAÇÃO DE GRÃOS,2
ENGENHARIA DE TRÁFEGO: UMA PROPOSTA DE SINALIZAÇÃO PARA AS VIAS DA CIDADE UNIVERSITÁRIA DOM DELGADO,1
SOLUÇÕES SUSTENTÁVEIS DE SANEAMENTO BÁSICO PARA O MUNICÍPIO DE SÃO LUÍS MA: UMA REVISÃO BIBLIOGRÁFICA,1
"O IMPACTO DAS LESÕES NAS EDIFICAÇÕES:UM ENFOQUE NA MITIGAÇÃO DESSES PROBLEMAS A PARTIR DE VISTORIAS, INSPEÇÕES E FISCALIZAÇÕES",1
OS IMPACTOS DA FERROVIA NA EXPORTAÇÃO DE GRÃOS,1
OS IMPACTOS DA FERROVIA NA EXPORTAÇÃO DE GRÃOS,0
CLASSIFICAÇÃO DE NÓDULOS MAMÁRIOS USANDO VISÃO COMPUTACIONAL E DEEP LEARNING,2
SOLUÇÕES SUSTENTÁVEIS DE SANEAMENTO BÁSICO PARA O MUNICÍPIO DE SÃO LUÍS MA: UMA REVISÃO BIBLIOGRÁFICA,1
ANÁLISE DA APLICAÇÃO DE GERADORES TERMOELÉTRICOS PARA O APROVEITAMENTO DA ENERGIA DISSIPADA EM VEÍCULOS AEROESPACIAIS,4
TECNOLOGIA E PLANO DE NEGÓCIOS DE VIDROS FOTOVOLTAICOS TRANSPARENTES,1
"SUSTENTABILIDADE NA CONSTRUÇÃO CIVIL: ESTUDO DE CASO E ANÁLISE COMPARATIVA DE CERTIFICAÇÕES LEED, AQUA-HQE E CASA AZUL EM EMPREENDIMENTO DE SÃO LUÍS-MA.",1
REDE NEURAL CONVOLUCIONAL PARA CONTROLE DE QUALIDADE DE PEÇAS FABRICADAS POR FUNDIÇÃO,2
IMPLEMENTAÇÃO DE UM LABORATÓRIO DE METROLOGIA PARA O CURSO DE ENGENHARIA MECÂNICA DA UFMA,3
USO DO DESIGN THINKING COMO FERRAMENTA PARA A GERAÇÃO DE SOLUÇÕES INOVADORAS PARA O MARKETING DE MICRO E PEQUENAS EMPRESAS,0
ESTUDO TEORICO DE UM PROPULSOR MONOPROPELENTE A BASE DE OXIDO NITROSO (N2O) USANDO ZIRCONATO DE ESTRÔNCIO (SRZRO3) COMO CATALISADOR,4
PROTÓTIPO DE UM CUBESAT EDUCACIONAL PARA UMA MISSÃO DE MONITORAMENTO DA MAGNETOSFERA TERRESTRE,4
A UTILIZAÇÃO DAS MÍDIAS SOCIAIS E RECURSOS TECNOLÓGICOS NAS IGREJAS A PARTIR DA PANDEMIA DE CORONAVIRUS DE 2020: UM ESTUDO DE CASO NA IGREJA VIDA COM CRISTO.,0
"ANÁLISE DE DESEMPENHO TÉRMICO EM UMA EDIFICAÇÃO UNIFAMILIAR NA VILA EMBRATEL DURANTE O VERÃO EM SÃO LUÍS - MA, BASEADA NA NBR 15.575:2013.",1
"ABASTECIMENTO PÚBLICO DE ÁGUA NO BAIRRO ALTO DA BELA VISTA, SÃO MATEUS DO MARANHÃO, MA, BRASIL - UMA ANÁLISE SANITÁRIA.",0
MODELOS DE APRENDIZADO DE MÁQUINAS APLICADAS À DETECÇÃO DE SINTOMAS DE COVID-19 E COVID LONGA EM POSTAGENS DO TWITTER,2
GERENCIAMENTO DOS RESÍDUOS DA CONSTRUÇÃO CIVIL NOS CANTEIROS DE OBRAS DA CIDADE DE SÃO LUÍS - MA: UM ESTUDO DE CASO,1
ANÁLISE TEÓRICA DA BIOTRANSFERÊNCIA DE CALOR EM UM ÓRGÃO HUMANO DIAGNOSTICADO COM CÂNCER,3
ANÁLISE DA APLICAÇÃO DE GERADORES TERMOELÉTRICOS PARA O APROVEITAMENTO DA ENERGIA DISSIPADA EM VEÍCULOS AEROESPACIAIS,4
PREDIÇÃO DOS PREÇOS DE FECHAMENTO DE AÇÕES DO MERCADO DE AÇÕES BRASILEIRO USANDO APRENDIZADO DE MÁQUINA,2
INTRODUÇÃO À RELATIVIDADE RESTRITA,3
"O IMPACTO DAS LESÕES NAS EDIFICAÇÕES:UM ENFOQUE NA MITIGAÇÃO DESSES PROBLEMAS A PARTIR DE VISTORIAS, INSPEÇÕES E FISCALIZAÇÕES",2
IMPLEMENTAÇÃO DE UM LABORATÓRIO DE METROLOGIA PARA O CURSO DE ENGENHARIA MECÂNICA DA UFMA,0
ANÁLISE LOGÍSTICA E AMBIENTAL DO TRANSPORTE DE RESÍDUO DE BAUXITA PARA REAPROVEITAMENTO NAS PRINCIPAIS INDÚSTRIAS CIMENTÍCIAS E SIDERÚRGICAS.,1
PRINCIPAIS PATOLOGIAS EM REVESTIMENTOS CERÂMICOS DE FACHADAS: ESTUDO DE CASO DE UMA EDIFICAÇÃO PÚBLICA EM SÃO LUÍS-MA,1
ANÁLISE FÍSICO-QUÍMICA DE ÁGUAS DO SISTEMA ITALUÍS,1
ANÁLISE DE DOIS ÍNDICES DE CRIMINALIDADE NA GRANDE ILHA: UM ESTUDO DE CASO SOBRE ROUBOS E HOMICÍDIOS NOS ANOS DE 2021 E 2022,0
GESTÃO DE RESÍDUOS DE EQUIPAMENTOS ELETRÔNICOS: DESAFIOS E OPORTUNIDADES.,2
OS MARCOS DA SRAG POR COVID-19 NO MARANHÃO: UMA ANÁLISE DESCRITIVA DOS DADOS COM O AUXÍLIO DA FERRAMENTA POWER BI.,2
GERENCIAMENTO DE RESÍDUOS SÓLIDOS PRODUZIDOS EM CANTEIROS DE OBRA DA CONSTRUÇÃO CIVIL: UMA NECESSIDADE PARA O DESENVOLVIMENTO SUSTENTÁVEL CONSCIENT E.,1
COURSEBOT: UM CHATBOT PARA AUXILIAR ALUNOS DO ENSINO MÉDIO NA ESCOLHA DE UM CURSO SUPERIOR,2
SANEAMENTO BÁSICO DO MUNICÍPIO DE GONÇALVES DIAS -MA: UM ESTUDO DE CASO.,5
HOMESERVER COM RASPBERRY PI: SEU PRÓPRIO PROVEDOR DE SERVIÇOS,2
VARIAÇÃO ESTACIONAL E ANUAL DA PRECIPITAÇÃO NA CIDADE DE IMPERATRIZ/MA,1
SISTEMA DE AR CONDICIONADO DE ENERGIA SOLAR FOTOTÉRMICA E FOTOVOLTAICA: UM ESTUDO DE CASO DO DESEMPENHO ENERGÉTICO DE SISTEMAS DE AR CONDICIONADO SOLAR EM SÃO LUÍS-MA,0
SINTONIA DE CONTROLADOR PID EM SISTEMA DE SEGUNDA ORDEM POR MEIO DE ALGORITMO GENÉTICO,2
REDES NEURAIS CONVOLUCIONAIS APLICADO A CLASSIFICAÇÃO DE PARASITAS INTESTINAIS EM IMAGENS MICROSCÓPICAS.,2
APRENDIZADO DE MÁQUINA SUPERVISIONADO APLICADO EM ESPECTROS RAMAN PARA DIAGNÓSTICO DE CÂNCER COLORRETAL,2
ANÁLISE DE DOIS ÍNDICES DE CRIMINALIDADE NA GRANDE ILHA: UM ESTUDO DE CASO SOBRE ROUBOS E HOMICÍDIOS NOS ANOS DE 2021 E 2022,2
IMPLANTAÇÃO DO CENTRO DE CONTROLE E OPERAÇÃO (CCO) NOS RESERVATÓRIOS OPERADOS PELA CAEMA.,1
PANORAMA DA MORTALIDADE POR CÂNCER NO ESTADO DO MARANHÃO: UMA ANÁLISE LONGITUDINAL DE 2000 A 2019,2
ANÁLISE DAS CAUSAS DOS DANOS NOS TRILHOS DE TREM DE UMA MINERADORA EM SÃO LUÍS / MA: IMPACTOS DAS CONDIÇÕES CLIMÁTICAS E DE MANUTENÇÃO E PROPOSIÇÃO DE SOLUÇÕES - ESTUDO DE CASO,2
UTILIZAÇÃO DE DRONES PARA IDENTIFICAÇÃO DE PATOLOGIAS E CONSTRUÇÃO DE MODELAGEM 3D DE FACHADAS HISTÓRICAS EM SÃO LUIS - MA,1
PROPOSTA DE IMPLEMENTAÇÃO DE DRONE NA ARQUEAÇÃO: ESTUDO DE CASO DE UMA ARQUEAÇÃO CONVENCIONAL NO PORTO DO ITAQUI - MA.,2
DESENVOLVIMENTO DE SOFTWARE PARA GESTÃO E MANUTENÇÃO DE PATENTES,2
UM VOCABULÁRIO PARA MODELOS DE USO E COBERTURA BASEADO NO DATA CUBE VOCABULARY,2
ASFALTAÊ: APLICATIVO PARA REGISTRO DE BURACOS NAS VIAS URBANAS,2
ESTUDO DO USO DO CAROÇO DE AÇAI (EUTERPE OLEACERA) COMO AGREGADO NA PRODUÇÃO DE BIOPLÁSTICO.,6
DESENVOLVIMENTO DE UMA APLICAÇÃO WEB PARA GERENCIAMENTO DE AFASTAMENTO DE SERVIDORES PARA PÓS-GRADUAÇÃO STRICTO SENSU NA UNIVERSIDADE FEDERAL DO MARANHÃO,2
MANIFESTAÇÕES PATOLÓGICAS NO CENTRO PEDAGOGICO PAULO FREIRE NA UNIVERSIDADE FEDERAL DO MARANHÃO,1
MANIFESTAÇÕES PATOLÓGICAS NO CENTRO PEDAGÓGICO PAULO FREIRE NA UNIVERSIDADE FEDERAL DO MARANHÃO,0
ILUMINAÇÃO NATURAL EM ESTABELECIMENTOS COMERCIAIS DE SÃO LUÍS: UMA ABORDAGEM SUSTENTÁVEL PARA REDUÇÃO DE CUSTOS E AUMENTO DO CONFORTO AMBIENTAL,1
PROCEDIMENTO ELETROANALÍTICO DE BAIXO CUSTO PARA DETECÇÃO DO POLUENTE AQUÁTICO ETINILESTRADIOL,3
AMARRAÇÃO DE NAVIOS COM SISTEMA A VÁCUO NO PORTO DO ITAQUI: UMA ANÁLISE DAS POSSIBILIDADES E DESAFIOS,6
MAPAS DE RISCOS DE LABORATÓRIOS UNIVERSITÁRIOS: ESTUDO E DESENVOLVIMENTO DE MAPAS DE RISCOS PARA OS LABORATÓRIOS DO CENTRO DE CIÊNCIAS BIOLÓGICAS E DA SAÚDE (CCBS) DA UNIVERSIDADE FEDERAL DO MARANHÃO.,1
REVISÃO SISTEMÁTICA SOBRE A INFLUÊNCIA DAS VIGAS FRIAS NA REDUÇÃO DA CARGA TÉRMICA EM EDIFÍCIOS: UMA ANÁLISE DO DESEMPENHO DE RESFRIAMENTO,2
DETERMINAÇÃO DO POTENCIAL EÓLICO DE TURIAÇU/MA: O APROVEITAMENTO DA ENERGIA GERADA PELOS VENTOS,1
DESENVOLVIMENTO DE UM MULTÍMETRO COM APLICAÇÃO DA TECNOLOGIA DE INTERNET DAS COISAS,2
ANÁLISE DA EXPERIÊNCIA DE PROFESSORES NO ENSINO DE PARADIGMAS EM UNIVERSIDADES FEDERAIS NAS CAPITAIS DO NORDESTE BRASILEIRO.,2
MONITORAMENTO AMBIENTAL DE LÍNGUA NEGRA COM USO DE DRONE E PROCESSAMENTO DE IMAGENS.,2
UMA AVALIAÇÃO DO MANEJO DOS RESÍDUOS SÓLIDOS DOMICILIARES: POSSIBILIDADES E LIMITAÇÕES DE UMA ATUAÇÃO CIDADÃ NO MUNICÍPIO DE SÃO LUÍS (MA).,0
PROJETO DE UM PROTÓTIPO DE IMPRESSORA DE BRAILLE USANDO CNC E ALGORITMO DE CONVERSÃO DE TEXTO PARA BRAILLE,2
PANORAMA DA MORTALIDADE POR CÂNCER NO ESTADO DO MARANHÃO: UMA ANÁLISE LONGITUDINAL DE 2000 A 2019,2
ENSINO DE DEVOPS NA PRÁTICA: UMA EXPERIÊNCIA EM LABORATÓRIO DE ENGENHARIA DE SOFTWARE,2
PROJETO DE UM PROTÓTIPO DE IMPRESSORA DE BRAILLE USANDO CNC E ALGORITMO DE CONVERSÃO DE TEXTO PARA BRAILLE,2
ANÁLISE MATRICIAL DE ESTRUTURAS APLICADA A PÓRTICOS PLANOS,1
ACESSIBILIDADE DIGITAL NOS PORTAIS DO GOVERNO FEDERAL,0
O DESCARTE DE LIXO ELETRÔNICO NOS ECOPONTOS DA CIDADE DE SÃO LUÍS-MA,1
DESENVOLVIMENTO DE UMA APLICAÇÃO WEB PARA GERENCIAMENTO DE AFASTAMENTO DE SERVIDORES PARA PÓS-GRADUAÇÃO STRICTO SENSU NA UNIVERSIDADE FEDERAL DO MARANHÃO,2
ACESSIBILIDADE ESPACIAL NO TRANSPORTE PÚBLICO: UM ESTUDO DE CASO DAS LINHAS DO LOTE III INTEGRADAS AO TERMINAL DO SÃO CRISTÓVÃO,0
ESTUDO DA VIABILIDADE DO APROVEITAMENTO SOLAR APLICADO EM HOSPITAIS DE SÃO LUÍS - MA,1
MAPEAMENTO SODA: ANÁLISE DA EXPERIÊNCIA DO ENSINO REMOTO EMERGENCIAL NA UFMA COMO APRENDIZADO PARA MODELO DE ENSINO HÍBRIDO.,0
MAPEAMENTO SODA: ANÁLISE DA EXPERIÊNCIA DO ENSINO REMOTO EMERGENCIAL NA UFMA COMO APRENDIZADO PARA MODELO DE ENSINO HÍBRIDO.,0
ACESSIBILIDADE DIGITAL NOS PORTAIS DO GOVERNO FEDERAL,0
DETECÇÃO DE EQUIPAMENTOS DE PROTEÇÃO INDIVIDUAL UTILIZANDO YOLO V8,6
SEGMENTAÇÃO DE PASTILHAS CERÂMICAS E FILMES POLIMÉRICOS SOBRE PAPEL MILIMETRADO PARA O CÁLCULO DE SUAS ÁREAS PARA MEDIDAS ELÉTRICAS,2
ENSINO DE DEVOPS NA PRÁTICA: UMA EXPERIÊNCIA EM LABORATÓRIO DE ENGENHARIA DE SOFTWARE,2
DESENVOLVIMENTO DE WEBSCRAPPING E DASHBOARD PARA ANÁLISE DO EFEITO DA IDADE RELATIVA,2
HOMESERVER COM RASPBERRY PI: SEU PRÓPRIO PROVEDOR DE SERVIÇOS,2
VARIAÇÃO ESTACIONAL E ANUAL DA PRECIPITAÇÃO NA CIDADE DE IMPERATRIZ/MA,0
DESPESAS EM DIA: UMA SOLUÇÃO MÓVEL ADAPTÁVEL PARA CONTROLE FINANCEIRO INDIVIDUAL E COLETIVO,2
ESTUDO SOBRE GERENCIAMENTO DE RESÍDUOS SÓLIDOS NA ASSEMBLEIA LEGISLATIVA DO ESTADO DO MARANHÃO _x0096_ ALEMA,5
ANÁLISE DESCRITIVA DA IMPLEMENTAÇÃO DE ARQUITETURA LIMPA EM APLICAÇÕES WEB: UM ESTUDO DE CASO,2
APLICAÇÃO DE BUSINESS INTELLIGENCE PARA GERENCIAMENTO DA MANUTENÇÃO DE SUBESTAÇÕES DE MÉDIA TENSÃO,2
IMPLANTAÇÃO DO CENTRO DE CONTROLE E OPERAÇÃO (CCO) NOS RESERVATÓRIOS OPERADOS PELA CAEMA.,1
MICROCONTROLADOR PROGRAMÁVEL: UMA PROPOSTA PARA AVALIAR A EFICIÊNCIA CATALÍTICA,0
REDES NEURAIS CONVOLUCIONAIS APLICADO A CLASSIFICAÇÃO DE PARASITAS INTESTINAIS EM IMAGENS MICROSCÓPICAS.,2
UMA VISÃO GERAL DO USO DO RÁDIO DEFINIDO POR SOFTWARE (SDR) EM SATÉLITES,4
REVISÃO SISTEMÁTICA SOBRE A INFLUÊNCIA DAS VIGAS FRIAS NA REDUÇÃO DA CARGA TÉRMICA EM EDIFÍCIOS: UMA ANÁLISE DO DESEMPENHO DE RESFRIAMENTO,1
"GESTÃO, PLANEJAMENTO E DESENHO URBANO: UM ESTUDO DE CASO SOBRE A MOBILIDADE E TENDÊNCIAS DE DESENVOLVIMENTO URBANÍSTICO EM SÃO LUÍS",1
PROPOSTA DE IMPLEMENTAÇÃO DE DRONE NA ARQUEAÇÃO: ESTUDO DE CASO DE UMA ARQUEAÇÃO CONVENCIONAL NO PORTO DO ITAQUI - MA.,1
PRINCIPAIS DIFICULDADES ENFRENTADAS PELOS COLABORADORES DA MANUTENÇÃO PREDIAL DO HUUFMA NO ACESSO A PROJETOS DE ENGENHARIA COM O USO DE QR CODE.,1
GERENCIAMENTO DE RESÍDUOS SÓLIDOS PRODUZIDOS EM CANTEIROS DE OBRA DA CONSTRUÇÃO CIVIL: UMA NECESSIDADE PARA O DESENVOLVIMENTO SUSTENTÁVEL CONSCIENT E.,1
ESTUDO DA VIABILIDADE DO APROVEITAMENTO SOLAR APLICADO EM HOSPITAIS DE SÃO LUÍS - MA,1
PROPOSTA DE IMPLEMENTAÇÃO DE DRONE NA ARQUEAÇÃO: ESTUDO DE CASO DE UMA ARQUEAÇÃO CONVENCIONAL NO PORTO DO ITAQUI - MA.,0
DESENVOLVIMENTO DE UM MULTÍMETRO COM APLICAÇÃO DA TECNOLOGIA DE INTERNET DAS COISAS,2
ANÁLISE DE DOIS ÍNDICES DE CRIMINALIDADE NA GRANDE ILHA: UM ESTUDO DE CASO SOBRE ROUBOS E HOMICÍDIOS NOS ANOS DE 2021 E 2022,0
O IMPACTO DA TECNOLOGIA EM ÓRGÃO DA ADMINISTRAÇÃO PÚBLICA ESTADUAL: UM ESTUDO SOBRE A DIGITALIZAÇÃO DE PROCESSOS ADMINISTRATIVOS,0
CLEAN CODE NA ATIVIDADE EMPRESARIAL: MELHORIA DO DESEMPENHO E EFICIÊNCIA NO DESENVOLVIMENTO DE SOFTWARE,0
DETERMINAÇÃO DO POTENCIAL EÓLICO DE TURIAÇU/MA: O APROVEITAMENTO DA ENERGIA GERADA PELOS VENTOS,0
ALGORITMOS RANDOMIZADOS: APLICAÇÕES E DESEMPENHO DOS TIPOS MONTE CARLO E LAS VEGAS,0
ALGORITMOS RANDOMIZADOS: APLICAÇÕES E DESEMPENHO DOS TIPOS MONTE CARLO E LAS VEGAS,0
AVALIAÇÃO DO ESTADO DE CONSERVAÇÃO DE EDIFICAÇÕES HISTÓRICAS: UM ESTUDO DE CASO NO PRÉDIO DO ANTIGO SIOGE,1
PRINCIPAIS PATOLOGIAS EM REVESTIMENTOS CERÂMICOS DE FACHADAS: ESTUDO DE CASO DE UMA EDIFICAÇÃO PÚBLICA EM SÃO LUÍS-MA,1
PRINCIPAIS PATOLOGIAS EM REVESTIMENTOS CERÂMICOS DE FACHADAS: ESTUDO DE CASO DE UMA EDIFICAÇÃO PÚBLICA EM SÃO LUÍS-MA.,0
DESCARBONIZAÇÃO DO SETOR DA CONSTRUÇÃO CIVIL ATRAVÉS DO USO DO HIDROGÊNIO VERDE NA PRODUÇÃO DO AÇO,1
ANÁLISE DE VIGAS COM APOIOS ELÁSTICOS PELO PROCEDIMENTO DE ANÁLISE MATRICIAL DE ESTRUTURAS: IMPLEMENTAÇÃO COMPUTACIONAL EM LINGUAGEM PYTHON,1
REAPROVEITAMENTO DE RESÍDUOS NA CONSTRUÇÃO CIVIL: ESTUDO DE CASO DE UMA OBRA NO MUNICÍPIO DE SÃO LUÍS -MA.,1
GERENCIAMENTO DE RESÍDUOS SÓLIDOS PRODUZIDOS EM CANTEIROS DE OBRA DA CONSTRUÇÃO CIVIL: UMA NECESSIDADE PARA O DESENVOLVIMENTO SUSTENTÁVEL CONSCIENT E.,0
"MULHERES NOS CURSOS DE ENGENHARIA DA UFMA: DIFICULDADES, DESAFIOS E PERSPECTIVAS",3
DESENVOLVIMENTO DE UM MULTÍMETRO COM APLICAÇÃO DA TECNOLOGIA DE INTERNET DAS COISAS.,2
APRENDIZADO DE MÁQUINA SUPERVISIONADO APLICADO EM ESPECTROS RAMAN PARA DIAGNÓSTICO DE CÂNCER COLORRETAL,2
UMA ANÁLISE BIBLIOMÉTRICA SOBRE TROCADORES DE CALOR APLICADOS AO TRATAMENTO DE EFLUENTES LÍQUIDOS,3
APLICAÇÃO WEB PARA GESTÃO FINANCEIRA,2
UMA AVALIAÇÃO DO MANEJO DOS RESÍDUOS SÓLIDOS DOMICILIARES: POSSIBILIDADES E LIMITAÇÕES DE UMA ATUAÇÃO CIDADÃ NO MUNICÍPIO DE SÃO LUÍS (MA).,5
GERENCIAMENTO DE RESÍDUOS SÓLIDOS URBANOS: UM ESTUDO DE CASO NO MUNICÍPIO DE ALCÂNTARA/MA,0
COURSEBOT: UM CHATBOT PARA AUXILIAR ALUNOS DO ENSINO MÉDIO NA ESCOLHA DE UM CURSO SUPERIOR,2
CAPTURA DE CARBONO: UM ESTUDO DE CASO DO POTENCIAL DE MANGUEZAIS NO MUNICÍPIO DE SÃO LUÍS - MA,5
GERENCIAMENTO DOS RESÍDUOS DA CONSTRUÇÃO CIVIL NOS CANTEIROS DE OBRAS DA CIDADE DE SÃO LUÍS - MA: UM ESTUDO DE CASO,1
MAPAS DE RISCOS DE LABORATÓRIOS UNIVERSITÁRIOS: ESTUDO E DESENVOLVIMENTO DE MAPAS DE RISCOS PARA OS LABORATÓRIOS DO CENTRO DE CIÊNCIAS BIOLÓGICAS E DA SAÚDE (CCBS) DA UNIVERSIDADE FEDERAL DO MARANHÃO.,1
DESCARBONIZAÇÃO DO SETOR DA CONSTRUÇÃO CIVIL ATRAVÉS DO USO DO HIDROGÊNIO VERDE NA PRODUÇÃO DO AÇO,1
ILUMINAÇÃO NATURAL EM ESTABELECIMENTOS COMERCIAIS DE SÃO LUÍS: UMA ABORDAGEM SUSTENTÁVEL PARA REDUÇÃO DE CUSTOS E AUMENTO DO CONFORTO AMBIENTAL,1
USO DE TELEMETRIA NA ATRACAÇÃO DE NAVIOS NO PORTO DO ITAQUI: UMA ANÁLISE DA PROPOSTA E DESAFIOS,3
AVALIAÇÃO DA RESISTÊNCIA ESTRUTURAL DE RESIDÊNCIAS SUJEITAS À VULNERABILIDADE DE OCORRÊNCIAS DE DESLIZAMENTOS,5
UTILIZAÇÃO DE DRONES PARA IDENTIFICAÇÃO DE PATOLOGIAS E CONSTRUÇÃO DE MODELAGEM 3D DE FACHADAS HISTÓRICAS EM SÃO LUIS - MA,4
GESTÃO DE RESÍDUOS DE EQUIPAMENTOS ELETRÔNICOS: DESAFIOS E OPORTUNIDADES.,1
"FLUÍDOS DE CORTE: UMA REVISÃO SOBRE APLICAÇÃO, SELEÇÃO, TRATAMENTO E ASPECTOS NOCIVOS NOS PROCESSOS DE USINAGEM CONVENCIONAL.",3
O IMPACTO DA TECNOLOGIA EM ÓRGÃO DA ADMINISTRAÇÃO PÚBLICA ESTADUAL: UM ESTUDO SOBRE A DIGITALIZAÇÃO DE PROCESSOS ADMINISTRATIVOS,0
VARIAÇÃO ESTACIONAL E ANUAL DA PRECIPITAÇÃO NA CIDADE DE IMPERATRIZ/MA,0
ALGORITMOS RANDOMIZADOS: APLICAÇÕES E DESEMPENHO DOS TIPOS MONTE CARLO E LAS VEGAS,2
DESPESAS EM DIA: UMA SOLUÇÃO MÓVEL ADAPTÁVEL PARA CONTROLE FINANCEIRO INDIVIDUAL E COLETIVO,2
A CONCLUSÃO NOS ARTIGOS CIENTÍFICOS DA ENGENHARIA,1
ANÁLISE FÍSICO-QUÍMICA DE ÁGUAS DO SISTEMA ITALUÍS,0
REAPROVEITAMENTO DE RESÍDUOS NA CONSTRUÇÃO CIVIL: ESTUDODE CASO DE UMA OBRA NO MUNICÍPIO DE SÃO LUÍS -MA.,1
PROJEÇÃO DE EMISSÕES DE GASES DO EFEITO ESTUFA DERIVADOS DE POSSÍVEIS CENÁRIOS DE GERENCIAMENTO DE RESÍDUOS SÓLIDOS URBANOS PARA O MUNICÍPIO DE SÃO LUÍS - MA,5
MONITORAMENTO PARA DETECÇÃO DE FALHAS POR TEMPERATURA E UMIDADE EM PAINÉIS ELÉTRICOS,2
"FLUÍDOS DE CORTE: UMA REVISÃO SOBRE APLICAÇÃO, SELEÇÃO, TRATAMENTO E ASPECTOS NOCIVOS NOS PROCESSOS DE USINAGEM CONVENCIONAL.",3
DESPESAS EM DIA: UMA SOLUÇÃO MÓVEL ADAPTÁVEL PARA CONTROLE FINANCEIRO INDIVIDUAL E COLETIVO,0
COURSEBOT: UM CHATBOT PARA AUXILIAR ALUNOS DO ENSINO MÉDIO NA ESCOLHA DE UM CURSO SUPERIOR,1
PROPOSTA DE APLICAÇÃO MOBILE PARA GERENCIAMENTO DE PEQUENOS NEGÓCIOS,0
MONITORAMENTO AMBIENTAL DE LÍNGUA NEGRA COM USO DE DRONE E PROCESSAMENTO DE IMAGENS.,5
INFLUÊNCIA DE UM SISTEMA AGITADO PARA O RESFRIAMENTO DE UM TROCADOR DE CALOR DO TIPO VASO ENCAMISADO COM SERPENTINA,3
ESTUDO DAS MEDIDAS QUE CONTRIBUEM PARA MINIMIZAR IMPACTOS AMBIENTAIS OCASIONADOS PELA UTILIZAÇÃO DE FLUIDOS DE CORTE,3
INTELIGÊNCIA ARTIFICIAL E XADREZ: UM ESTUDO SOBRE COMO COMPUTADORES JOGAM XADREZ,0
REAPROVEITAMENTO DE RESÍDUOS NA CONSTRUÇÃO CIVIL: ESTUDO DE CASO DE UMA OBRA NO MUNICÍPIO DE SÃO LUÍS -MA.,5
A APLICAÇÃO DE MÉTODOS ÁGEIS EM EQUIPES PEQUENAS DE DESENVOLVIMENTO SOFTWARE,0
DESENVOLVIMENTO WEB DE UM PORTAL PARA MELHORIA DO ACOMPANHAMENTO DOS EGRESSOS DA PÓS-GRADUAÇÃO EM CIÊNCIA DA COMPUTAÇÃO DA UNIVERSIDADE FEDERAL DO MARANHÃO.,2
"APLICAÇÕES DA INTELIGÊNCIA ARTIFICIAL NA EDUCAÇÃO, SAÚDE E SEGURANÇA DIGITAL: ESTUDO EXPLORATÓRIO BASEADO NA REVISÃO SISTEMÁTICA NA LITERATURA.",2
HANS+: UMA FERRAMENTA DE ACOMPANHAMENTO E INFORMAÇÕES SOBRE A HANSENÍASE,2
IMPLEMENTAÇÃO DE PLACAS SOLARES EM PARADAS DE ÔNIBUS: ESTIMATIVAS PARA SÃO LUÍS-MA E CAMINHOS PARA UMA SMART CITY SUSTENTÁVEL,0
INSPEÇÕES COM ONDAS ULTRASSÔNICAS PARA DETECÇÃO DE DEFEITOS EM TRILHOS: UM ESTUDO DE CASO NA ESTRADA DE FERRO CARAJÁS.,0
PROTÓTIPO COM USO DE GSM E RFID PARA FISCALIZAÇÃO DE VAGAS DE TRÂNSITO PRIORITÁRIA,2
"SISTEMAS DE ADUÇÃO DE ÁGUA _x0096_ REVISÃO BIBLIOGRÁFICA DOS CONCEITOS, CLASSIFICAÇÕES E ASPECTOS DE PROJETOS",0
METODOLOGIA PARA INSPEÇÃO DE COBERTURAS PREDIAIS COM USO DE DRONES E ORTOFOTOS,1
IMPLEMENTAÇÃO DE UM SISTEMA MINI DE ENERGIA SOLAR ATRAVÉS DE LED'S FOTOVOLTAICOS DE BAIXA VOLTAGEM,4
CLASSIFICAÇÃO DE PISTACHE PARA AUXÍLIO DE CADEIA PRODUTIVA UTILIZANDO DEEP LEARNING,2
SENSORYMAP: O USO DO ACELERÔMETRO EM APLICATIVOS PARA AUXILIAR PESSOAS COM DEFICIÊNCIA VISUAL,2
IMPLEMENTAÇÃO DE PLACAS SOLARES EM PARADAS DE ÔNIBUS: ESTIMATIVAS PARA SÃO LUÍS-MA E CAMINHOS PARA UMA SMART CITY SUSTENTÁVEL,5
VARIAÇÕES ORÇAMENTÁRIAS NAS DIFERENTES FASES DA METODOLOGIA FEL NO GERENCIAMENTO DE PROJETOS - ESTUDO DE CASO DE UMA ARENA ESPORTIVA EM SÃO LUÍS - MA.,1
"APLICAÇÕES DA INTELIGÊNCIA ARTIFICIAL NA EDUCAÇÃO, SAÚDE E SEGURANÇA DIGITAL: ESTUDO EXPLORATÓRIO BASEADO NA REVISÃO SISTEMÁTICA NA LITERATURA.",0
ESTUDO DA FOLHA DE VELOSTAT PARA FINS DE USO COMO SENSORES RESISTIVOS,3
IMPACTO DOS ACESSOS A RECURSOS EDUCACIONAIS NA APROVAÇÃO EM EAD: UMA ABORDAGEM ESTATÍSTICA E PREDITIVA,2
AVALIAÇÃO DA COMUNICAÇÃO NO DESENVOLVIMENTO DE SOFTWARE,2
"APLICAÇÕES DA INTELIGÊNCIA ARTIFICIAL NA EDUCAÇÃO, SAÚDE E SEGURANÇA DIGITAL: ESTUDO EXPLORATÓRIO BASEADO NA REVISÃO SISTEMÁTICA NA LITERATURA.",2
API DE RECARGA VIA PIX PARA RESTAURANTE UNIVERSITÁRIO,0
AVALIAÇÃO DOS ASPECTOS SOCIOAMBIENTAIS DA LAGOA DA JANSEN E SUA CONTRIBUIÇÃO PARA AGENDA 30,0
INDUÇÃO À CORROSÃO E CARACTERIZAÇÃO DO CONCRETO ARMADO POR ANÁLISES ELETROQUÍMICAS,3
ELABORAÇÃO DE PROJETO MECÂNICO DE UM EXOESQUELETO PARA APLICAÇÃO EM PACIENTES VÍTIMAS DE ACIDENTE VASCULAR ENCEFÁLICO,4
APLICAÇÃO WEB PARA A AUTOMAÇÃO DE PROCESSOS DA PREVIDÊNCIA,2
APLICAÇÃO WEB PARA A AUTOMAÇÃO DE PROCESSOS DA PREVIDÊNCIA,0
HANS+: UMA FERRAMENTA DE ACOMPANHAMENTO E INFORMAÇÕES SOBRE A HANSENÍASE,2
CLASSIFICAÇÃO DE PISTACHE PARA AUXÍLIO DE CADEIA PRODUTIVA UTILIZANDO DEEP LEARNING,0
DETECÇÃO DE OUTLIERS USANDO LOCAL OUTLIER FACTOR NO PROCESSAMENTO DE BATIMETRIAS,0
ESTUDO DA FOLHA DE VELOSTAT PARA FINS DE USO COMO SENSORES RESISTIVOS,2
A APLICAÇÃO DE MÉTODOS ÁGEIS EM EQUIPES PEQUENAS DE DESENVOLVIMENTO SOFTWARE,0
ESTUDO DE BACIA HIDROGRÁFICA PARA REALIZAÇÃO DE SISTEMA DE DRENAGEM DE ÁGUAS PLUVIAIS PARA EMPREENDIMENTO LOCALIZADO NO MUNICÍPIO DE RAPOSA,0
IMPLEMENTAÇÃO DE PLACAS SOLARES EM PARADAS DE ÔNIBUS: ESTIMATIVAS PARA SÃO LUÍS-MA E CAMINHOS PARA UMA SMART CITY SUSTENTÁVEL,0
IMPLEMENTAÇÃO DE UM SISTEMA MINI DE ENERGIA SOLAR ATRAVÉS DE LED'S FOTOVOLTAICOS DE BAIXA VOLTAGEM,5
PROTÓTIPO COM USO DE GSM E RFID PARA FISCALIZAÇÃO DE VAGAS DE TRÂNSITO PRIORITÁRIA,2
A APLICAÇÃO DE MÉTODOS ÁGEIS EM EQUIPES PEQUENAS DE DESENVOLVIMENTO SOFTWARE,0
IMPLEMENTAÇÃO E APLICAÇÕES DE UM ALGORITMO GENÉTICO PARA PROBLEMAS DE OTIMIZAÇÃO,1
DESENVOLVIMENTO WEB DE UM PORTAL PARA MELHORIA DO ACOMPANHAMENTO DOS EGRESSOS DA PÓS-GRADUAÇÃO EM CIÊNCIA DA COMPUTAÇÃO DA UNIVERSIDADE FEDERAL DO MARANHÃO.,2
HANS+: UMA FERRAMENTA DE ACOMPANHAMENTO E INFORMAÇÕES SOBRE A HANSENÍASE,0
AVALIAÇÃO DOS ASPECTOS SOCIOAMBIENTAIS DA LAGOA DA JANSEN E SUA CONTRIBUIÇÃO PARA AGENDA 30,0
CLASSIFICAÇÃO DE PISTACHE PARA AUXÍLIO DE CADEIA PRODUTIVA UTILIZANDO DEEP LEARNING,2
ESTUDO DA FOLHA DE VELOSTAT PARA FINS DE USO COMO SENSORES RESISTIVOS,2
AVALIAÇÃO DO DESCARTE INADEQUADO DE RESÍDUOS SÓLIDOS E SEUS IMPACTOS NOS SISTEMAS DE DRENAGEM NO MERCADO CENTRAL EM SÃO LUÍS (MA),0
IMPACTO DOS ACESSOS A RECURSOS EDUCACIONAIS NA APROVAÇÃO EM EAD: UMA ABORDAGEM ESTATÍSTICA E PREDITIVA,2
AVALIAÇÃO DA COMUNICAÇÃO NO DESENVOLVIMENTO DE SOFTWARE,4
AVALIAÇÃO DOS ASPECTOS SOCIOAMBIENTAIS DA LAGOA DA JANSEN E SUA CONTRIBUIÇÃO PARA AGENDA 30,0
A UTILIZAÇÃO DO GEOGEBRA COMO RECURSO COMPUTACIONAL NO ENSINO DE CÁLCULO DIFERENCIAL E INTEGRAL E DE VETORES E GEOMETRIA ANALÍTICA: APLICAÇÕES NO BACHARELADO INTERDISCIPLINAR EM CIÊNCIA E TECNOLOGIA - BICT,2
METODOLOGIA DE INSPEÇÃO DE COBERTURAS PREDIAIS COM USO DE ORTOFOTOS OBTIDAS POR DRONE COM PROCESSAMENTO DE IMAGEM,1
IMPACTO DO REUSO DE RESÍDUOS SÓLIDOS NA ANÁLISE DO CICLO DE VIDA DE OBRAS DE CONSTRUÇÃO CIVIL,0
PROTÓTIPO COM USO DE GSM E RFID PARA FISCALIZAÇÃO DE VAGAS DE TRÂNSITO PRIORITÁRIA,3
MÉTODO DE NEWTON PARA ENCONTRAR ZEROS REAIS DE FUNÇÕES REAIS,0
